sha256	size	type	path
3fbf98ef44a3fe081dfead5af0f753f4cead598dc2131ecfdaa13ce81702c078	4266	file	worktree/.omo/README.md
a2caa9c2288930f0e207e7be64c1dacdffe3742d65f44cb7034d43aa746136da	4197	file	worktree/.omo/decisions/poc-design-context.md
c99ab390a1201ecd4e9914e3497965baf94b36df53d1d3b9abe6922b0e720450	14403	file	worktree/.omo/design/design-report.html
3cf60d82fdbfe172139d3d9dbc7358747131d20652f54403bf5358cedf11ca83	20599	file	worktree/.omo/design/game-logic-synthesis.html
7e6d0f66660e986794a2387015480089f2c069d6a2b34873d2040a9f4e8590fb	47952	file	worktree/.omo/design/poc-complete.html
e8b22618ea1be9d10e658165916e58f2a7c23b35c77a3990c9c9436f35be33a5	33052	file	worktree/.omo/design/ui-mockup-v4.html
bf52427fca3648bdbdb84b35dde7b411f81b079705d333daef83c5edf5ad56c3	77244	file	worktree/.omo/evidence/poc-ugui-v4-runtime/captures/battle-state-1280x720.png
b97f7a50afde43ce2035ea3978381640ecca5ac30a8213a7848f8039b77f7d9a	460	file	worktree/.omo/evidence/poc-ugui-v4-runtime/captures/battle-state-1280x720.receipt.json
44f4805ed51cb3a017ef1ae9b5846ed9429e849f6e6daf2df309167d7822fbc9	138682	file	worktree/.omo/evidence/poc-ugui-v4-runtime/captures/battle-state-1920x1080.png
f6fa9dd45b2dd9dd778696dd5242edb0173320cbc1dc0ce70bccfb5895880632	462	file	worktree/.omo/evidence/poc-ugui-v4-runtime/captures/battle-state-1920x1080.receipt.json
0700c358c8cb798ffc42802664637e81b73c0a621992a01c47aa8ab754a685d1	73333	file	worktree/.omo/evidence/poc-ugui-v4-runtime/captures/campaign-route-stage-1280x720.png
fd988374e74709ec8c5895fa0f0c4b6dc0c55dcbf0c6d1fb93f730fc1dea6607	467	file	worktree/.omo/evidence/poc-ugui-v4-runtime/captures/campaign-route-stage-1280x720.receipt.json
3b78dad8a3b28d76d0517eacf2097f5d5b10c4393739bf028b1e38e4643f5dff	116956	file	worktree/.omo/evidence/poc-ugui-v4-runtime/captures/campaign-route-stage-1920x1080.png
f2a4aec42f40b7b44542bd236082b157283a89ba28310b486c8d140a8b62e881	469	file	worktree/.omo/evidence/poc-ugui-v4-runtime/captures/campaign-route-stage-1920x1080.receipt.json
908bccae75941dc8e18871d9c5b57e9f3ec65ea61127c1d9403011a52a27f946	80071	file	worktree/.omo/evidence/poc-ugui-v4-runtime/captures/encounter-choices-1280x720.png
edc817211533278453616656970e3f6fdc9728aaa1ef49c98c930c973f6ad890	468	file	worktree/.omo/evidence/poc-ugui-v4-runtime/captures/encounter-choices-1280x720.receipt.json
931e612a78723248e36c968085efb3113fd3b518a4caa3bab02736b3d8316e0c	141757	file	worktree/.omo/evidence/poc-ugui-v4-runtime/captures/encounter-choices-1920x1080.png
d85cefca116fea645b2326c1d78a9399764074b2b46d5d9759cc90b0829c2343	470	file	worktree/.omo/evidence/poc-ugui-v4-runtime/captures/encounter-choices-1920x1080.receipt.json
76375ae365fc7031697247d2a88108c46585d0e86ab77f8581c7bba548a178c4	49659	file	worktree/.omo/evidence/poc-ugui-v4-runtime/captures/main-title-1280x720.png
3825fd9b9e73789eb97f91a4ef55c8464f036ee216a4a4211bb9c397b14e261f	458	file	worktree/.omo/evidence/poc-ugui-v4-runtime/captures/main-title-1280x720.receipt.json
8a6a95730d4aa6d2b6b61fd322e37de77d5ce39f67c8737188eed079f56f9914	88672	file	worktree/.omo/evidence/poc-ugui-v4-runtime/captures/main-title-1920x1080.png
363134cf1211b110c167dc3d3cb953d92c7d5e45f19f308218841fec0bd2604c	460	file	worktree/.omo/evidence/poc-ugui-v4-runtime/captures/main-title-1920x1080.receipt.json
b4370fdc319a7d635457bc6289b328f3c643f836d1d27a8ef20ab3180a4e9435	82147	file	worktree/.omo/evidence/poc-ugui-v4-runtime/captures/settlement-return-1280x720.png
d261ceae905346952a1e4fb1ce38457387a1d6f306cd24cd09a9db10d7735c79	469	file	worktree/.omo/evidence/poc-ugui-v4-runtime/captures/settlement-return-1280x720.receipt.json
6ad655cdc04020c57a7263ed7e8688042920e6f2bcd314fe310b77eab2e515eb	147340	file	worktree/.omo/evidence/poc-ugui-v4-runtime/captures/settlement-return-1920x1080.png
63cc031bc0ef113cb0c18bddf32b5703dfd722d7e5f7210a618c258f55279813	471	file	worktree/.omo/evidence/poc-ugui-v4-runtime/captures/settlement-return-1920x1080.receipt.json
ecb9b7475ab487d5ecdb3e72c6c762c5d8e2734da5c121982adc287f183a50fa	1891	file	worktree/.omo/evidence/summaries/poc-rubric-20260906.md
1ed199693f7d180909df5ec4f775d62e4d949eae6b62148f9d438e8f0889a69d	116668800	file	worktree/.omo/evidence/unity-poc-core-loop/task-17-final/player/JanseonSeoul.app/Contents/Frameworks/UnityPlayer.dylib
c9318816f069b1664d32203d4317d71c150b15ca3c19b430eaa9d568a7e54f44	377952	file	worktree/.omo/evidence/unity-poc-core-loop/task-17-final/player/JanseonSeoul.app/Contents/Frameworks/libMonoPosixHelper.dylib
dfa6d50c10dc19f787f86139173c4cdf0efb798dbbd417507b56a6ed818d5c9e	909232	file	worktree/.omo/evidence/unity-poc-core-loop/task-17-final/player/JanseonSeoul.app/Contents/Frameworks/libmono-native.dylib
226b9a9d8d9dafaa53a20365ef0b18db6ef41d85d2154dfa31833abf9cb9bd48	4731776	file	worktree/.omo/evidence/unity-poc-core-loop/task-17-final/player/JanseonSeoul.app/Contents/Frameworks/libmonobdwgc-2.0.dylib
25a749bf588d421b7b6ad23b06eab0f1be5361bca512e3cfd5afb486ba6f45e4	1514	file	worktree/.omo/evidence/unity-poc-core-loop/task-17-final/player/JanseonSeoul.app/Contents/Info.plist
56ae8711bc49da010a3103c9e07b10ff62fa48e2a34316034856d4a0ebfb52de	35138	file	worktree/.omo/evidence/unity-poc-core-loop/task-17-final/player/JanseonSeoul.app/Contents/MacOS/잔선: 서울
8a1082057ac5681dcd4e9c227ed7fb8eb42ac1618963b5de3b65739dd77e2741	1605	file	worktree/.omo/evidence/unity-poc-core-loop/task-17-final/player/JanseonSeoul.app/Contents/MonoBleedingEdge/etc/mono/2.0/Browsers/Compat.browser
751861040b69ea63a3827507b7c8da9c7f549dc181c1c8af4b7ca78cc97d710a	60575	file	worktree/.omo/evidence/unity-poc-core-loop/task-17-final/player/JanseonSeoul.app/Contents/MonoBleedingEdge/etc/mono/2.0/DefaultWsdlHelpGenerator.aspx
e91782a27fa39fc6c1d6ee8b08529f5d35052310d0006034b878eb04b8f2af30	29066	file	worktree/.omo/evidence/unity-poc-core-loop/task-17-final/player/JanseonSeoul.app/Contents/MonoBleedingEdge/etc/mono/2.0/machine.config
49c6160f9d54af4270a3b4e997fc4a8301f79b9e2070118fa46ddbcbbc44f9a2	2622	file	worktree/.omo/evidence/unity-poc-core-loop/task-17-final/player/JanseonSeoul.app/Contents/MonoBleedingEdge/etc/mono/2.0/settings.map
cf2b54339e069b9e42f7d6795eecbf562c50c1011f4ca8f65f578fe52d97ff92	11635	file	worktree/.omo/evidence/unity-poc-core-loop/task-17-final/player/JanseonSeoul.app/Contents/MonoBleedingEdge/etc/mono/2.0/web.config
8a1082057ac5681dcd4e9c227ed7fb8eb42ac1618963b5de3b65739dd77e2741	1605	file	worktree/.omo/evidence/unity-poc-core-loop/task-17-final/player/JanseonSeoul.app/Contents/MonoBleedingEdge/etc/mono/4.0/Browsers/Compat.browser
751861040b69ea63a3827507b7c8da9c7f549dc181c1c8af4b7ca78cc97d710a	60575	file	worktree/.omo/evidence/unity-poc-core-loop/task-17-final/player/JanseonSeoul.app/Contents/MonoBleedingEdge/etc/mono/4.0/DefaultWsdlHelpGenerator.aspx
e60aec2c5115d65b3acb3c55ea21576dbd770f579166c017125571e46ae560ed	33598	file	worktree/.omo/evidence/unity-poc-core-loop/task-17-final/player/JanseonSeoul.app/Contents/MonoBleedingEdge/etc/mono/4.0/machine.config
ce1db1ad8a9512073164e3eccdc193f7eda036e1a9733caec4635de21b2865c8	2622	file	worktree/.omo/evidence/unity-poc-core-loop/task-17-final/player/JanseonSeoul.app/Contents/MonoBleedingEdge/etc/mono/4.0/settings.map
e38bb8cc68fe5b4edecdfd288d094b9e8ced7629039b2a347682aba0d8bd7492	18802	file	worktree/.omo/evidence/unity-poc-core-loop/task-17-final/player/JanseonSeoul.app/Contents/MonoBleedingEdge/etc/mono/4.0/web.config
8a1082057ac5681dcd4e9c227ed7fb8eb42ac1618963b5de3b65739dd77e2741	1605	file	worktree/.omo/evidence/unity-poc-core-loop/task-17-final/player/JanseonSeoul.app/Contents/MonoBleedingEdge/etc/mono/4.5/Browsers/Compat.browser
751861040b69ea63a3827507b7c8da9c7f549dc181c1c8af4b7ca78cc97d710a	60575	file	worktree/.omo/evidence/unity-poc-core-loop/task-17-final/player/JanseonSeoul.app/Contents/MonoBleedingEdge/etc/mono/4.5/DefaultWsdlHelpGenerator.aspx
ee950004b576fb28dc85f4b0435ed04bf96612de2e8b53be84d07afe85a0de6c	34056	file	worktree/.omo/evidence/unity-poc-core-loop/task-17-final/player/JanseonSeoul.app/Contents/MonoBleedingEdge/etc/mono/4.5/machine.config
ce1db1ad8a9512073164e3eccdc193f7eda036e1a9733caec4635de21b2865c8	2622	file	worktree/.omo/evidence/unity-poc-core-loop/task-17-final/player/JanseonSeoul.app/Contents/MonoBleedingEdge/etc/mono/4.5/settings.map
c4cbddd4fd9347b58cc5a72b36dc4ba1ad2bb699e65869d05cd3fb9865f0d824	18811	file	worktree/.omo/evidence/unity-poc-core-loop/task-17-final/player/JanseonSeoul.app/Contents/MonoBleedingEdge/etc/mono/4.5/web.config
4ddd50f31fb968f30bedefc253a46dc3f2890192d05cdaa9e0a64a056eee807e	311984	file	worktree/.omo/evidence/unity-poc-core-loop/task-17-final/player/JanseonSeoul.app/Contents/MonoBleedingEdge/etc/mono/browscap.ini
5776169973a26a387b8b3e5c0f2301a7ab9a6dd7c7d3efa22a96abc47fbf8662	3815	file	worktree/.omo/evidence/unity-poc-core-loop/task-17-final/player/JanseonSeoul.app/Contents/MonoBleedingEdge/etc/mono/config
0c56e34c69124510fa8c19e7b4c2ca6c1c4ff460ae19f798dd0ca035809e396d	25817	file	worktree/.omo/evidence/unity-poc-core-loop/task-17-final/player/JanseonSeoul.app/Contents/MonoBleedingEdge/etc/mono/mconfig/config.xml
60d62d342dd3d73d1f0bc68844b7e4b8b058647ae076d1d8d51d7ed9cb3a7665	535152	file	worktree/.omo/evidence/unity-poc-core-loop/task-17-final/player/JanseonSeoul.app/Contents/PlugIns/lib_burst_generated.bundle
0bb94d9b05708ba2dce866292118370cd5db296cc02a735b4f9fc37b07f11324	8704	file	worktree/.omo/evidence/unity-poc-core-loop/task-17-final/player/JanseonSeoul.app/Contents/Resources/Data/Managed/Janseon.Art.dll
d02965d9b6a1203b4e913c1e7a1ef0bdd545606f23e90a8faa4999b4da6fbe25	19216	file	worktree/.omo/evidence/unity-poc-core-loop/task-17-final/player/JanseonSeoul.app/Contents/Resources/Data/Managed/Janseon.Art.pdb
007c1ba3f917442c738ce407d907f0e35e093009aec8ecd8f54543962cf8ee40	60928	file	worktree/.omo/evidence/unity-poc-core-loop/task-17-final/player/JanseonSeoul.app/Contents/Resources/Data/Managed/Janseon.Core.dll
59c0f967f8c1d524474d4b3df3f8fc33341386987fe5b805ddfd4ec031e9fd40	32784	file	worktree/.omo/evidence/unity-poc-core-loop/task-17-final/player/JanseonSeoul.app/Contents/Resources/Data/Managed/Janseon.Core.pdb
abfd7b7959e47193121e4e1fb366481fb324018aa73141c8fb2ecbb6efdcc216	99840	file	worktree/.omo/evidence/unity-poc-core-loop/task-17-final/player/JanseonSeoul.app/Contents/Resources/Data/Managed/Janseon.Foundation.dll
ef4cc805fc17579808a3db64ac2889da3cd2d6abfe3a027a1f60199c4a74f299	47460	file	worktree/.omo/evidence/unity-poc-core-loop/task-17-final/player/JanseonSeoul.app/Contents/Resources/Data/Managed/Janseon.Foundation.pdb
4b809a86f3b03da1d3a9eac8fdbd35744f2322ba1cfdee93516cc262eebbb079	241152	file	worktree/.omo/evidence/unity-poc-core-loop/task-17-final/player/JanseonSeoul.app/Contents/Resources/Data/Managed/Mono.Security.dll
762f8fdbe975e05b76be5fe996c53ce7c75e4a2830f2f50b02a5948ef6ba0aeb	4608	file	worktree/.omo/evidence/unity-poc-core-loop/task-17-final/player/JanseonSeoul.app/Contents/Resources/Data/Managed/System.Buffers.dll
ff85e7211e9b2934be690c76c0c357a7b2309faf4eeedc3a5f355c6c909a9a19	252712	file	worktree/.omo/evidence/unity-poc-core-loop/task-17-final/player/JanseonSeoul.app/Contents/Resources/Data/Managed/System.Collections.Immutable.dll
03512c49e54505c3e4322473b08985f3a923a29224aa63a4b998036b6c00ea1f	257024	file	worktree/.omo/evidence/unity-poc-core-loop/task-17-final/player/JanseonSeoul.app/Contents/Resources/Data/Managed/System.ComponentModel.Composition.dll
0f177686a26db1a80926c6361b29275d8420d18ff95f024c0a3820d7144477f6	124928	file	worktree/.omo/evidence/unity-poc-core-loop/task-17-final/player/JanseonSeoul.app/Contents/Resources/Data/Managed/System.Configuration.dll
33bc036c44056cc83136e8a5f4c69e58014a92117f47a48d7a94b655b8457171	1115136	file	worktree/.omo/evidence/unity-poc-core-loop/task-17-final/player/JanseonSeoul.app/Contents/Resources/Data/Managed/System.Core.dll
5a0f6a41f4efe0fbacdf212134d2999a38c7edc00a05aa9c6db0b163634d21ef	29696	file	worktree/.omo/evidence/unity-poc-core-loop/task-17-final/player/JanseonSeoul.app/Contents/Resources/Data/Managed/System.Data.DataSetExtensions.dll
19967ea4f41cbe0181634fd5f4a5ab8f24ad73a2640c23d86a1d24089fcbdc2c	2105344	file	worktree/.omo/evidence/unity-poc-core-loop/task-17-final/player/JanseonSeoul.app/Contents/Resources/Data/Managed/System.Data.dll
cb05e1bc5b0b3ae18c6fa2bd3f6494c34d3152e3220827ee2c320e6fa76d9a99	489984	file	worktree/.omo/evidence/unity-poc-core-loop/task-17-final/player/JanseonSeoul.app/Contents/Resources/Data/Managed/System.Drawing.dll
49dce33438b53a50013c07c2f900515b8528b6f0aa114997cf83fcb714cb1866	44544	file	worktree/.omo/evidence/unity-poc-core-loop/task-17-final/player/JanseonSeoul.app/Contents/Resources/Data/Managed/System.EnterpriseServices.dll
96514d7473b501d59bd99e0ede6118fba48501326a3ec45f2b93f4fc0e198c81	18432	file	worktree/.omo/evidence/unity-poc-core-loop/task-17-final/player/JanseonSeoul.app/Contents/Resources/Data/Managed/System.IO.Compression.FileSystem.dll
1ae6122b8fa5f459d06a07faeb2e46ab0c95932afcd6fdb9d923e4395790c9e0	114688	file	worktree/.omo/evidence/unity-poc-core-loop/task-17-final/player/JanseonSeoul.app/Contents/Resources/Data/Managed/System.IO.Compression.dll
c4f030a2cba7da7cdcf493257c24560e203d355904aee490d645a935842f834a	4608	file	worktree/.omo/evidence/unity-poc-core-loop/task-17-final/player/JanseonSeoul.app/Contents/Resources/Data/Managed/System.Memory.dll
c959b1012ad76835100ad5febe7560ecc22cc69a4431a8016e0de36a1fcec843	281600	file	worktree/.omo/evidence/unity-poc-core-loop/task-17-final/player/JanseonSeoul.app/Contents/Resources/Data/Managed/System.Net.Http.dll
f2c8b68afb809001dfabe513c64b00643737cbb0df45b018b3d4fbf27392db4d	119296	file	worktree/.omo/evidence/unity-poc-core-loop/task-17-final/player/JanseonSeoul.app/Contents/Resources/Data/Managed/System.Numerics.dll
04655f70ffa341a94cef207001771b4b74d66965c6c84dafa9987314f50da518	514856	file	worktree/.omo/evidence/unity-poc-core-loop/task-17-final/player/JanseonSeoul.app/Contents/Resources/Data/Managed/System.Reflection.Metadata.dll
fd67abc4c4af10affbcd42fd68a2a7bc361b26714afe6965d4d0d139459d8297	19256	file	worktree/.omo/evidence/unity-poc-core-loop/task-17-final/player/JanseonSeoul.app/Contents/Resources/Data/Managed/System.Runtime.CompilerServices.Unsafe.dll
e924775c04cac8e0a1456d690ecb345d6b82ee00c8d0e5fde79f35dcab347ba4	934400	file	worktree/.omo/evidence/unity-poc-core-loop/task-17-final/player/JanseonSeoul.app/Contents/Resources/Data/Managed/System.Runtime.Serialization.dll
d2072842a963ac73d3c415a1f7d495b876cd3118d3bf35737f432e531fd5aec6	314880	file	worktree/.omo/evidence/unity-poc-core-loop/task-17-final/player/JanseonSeoul.app/Contents/Resources/Data/Managed/System.Security.dll
6d84ff3e3f0f4315c45ca827b9351b9102d6040ffbaadf2a72ba9cab5528e13e	215040	file	worktree/.omo/evidence/unity-poc-core-loop/task-17-final/player/JanseonSeoul.app/Contents/Resources/Data/Managed/System.ServiceModel.Internals.dll
c0f1aa9dd07dc7bfd593a625fc58f22400ab8f211cb01cbaa56d7f7af72de65d	35328	file	worktree/.omo/evidence/unity-poc-core-loop/task-17-final/player/JanseonSeoul.app/Contents/Resources/Data/Managed/System.Transactions.dll
db55046c3b4ab80506050c98eb5185aa42278030a9431d186cf1b23d0ede3936	136704	file	worktree/.omo/evidence/unity-poc-core-loop/task-17-final/player/JanseonSeoul.app/Contents/Resources/Data/Managed/System.Xml.Linq.dll
1483428ad294dff16564642bc7f84c717a6e2708bcf5f707ce57a0e3baeac341	3160064	file	worktree/.omo/evidence/unity-poc-core-loop/task-17-final/player/JanseonSeoul.app/Contents/Resources/Data/Managed/System.Xml.dll
19150a78a6ef61bca14b7699625193125abb6293aa0c2c6d604c7523a8c510f7	2702848	file	worktree/.omo/evidence/unity-poc-core-loop/task-17-final/player/JanseonSeoul.app/Contents/Resources/Data/Managed/System.dll
7003758d74e485be979b6d9fcbf6e2be77da45950ef661b42e73665e5a2b1432	5120	file	worktree/.omo/evidence/unity-poc-core-loop/task-17-final/player/JanseonSeoul.app/Contents/Resources/Data/Managed/Unity.Burst.dll
5b72b03a2ca726f0d954c7e533377f57a21df471030d64f6408a4907e272d501	16592	file	worktree/.omo/evidence/unity-poc-core-loop/task-17-final/player/JanseonSeoul.app/Contents/Resources/Data/Managed/Unity.Burst.pdb
ff50383f807f9692e4913b97e47d86fefcb8faa33d6d48cd3e3fd6fc7ffb448d	5120	file	worktree/.omo/evidence/unity-poc-core-loop/task-17-final/player/JanseonSeoul.app/Contents/Resources/Data/Managed/Unity.Collections.LowLevel.ILSupport.dll
3eddef2639a387e92d7b1bcdbe3d1542d1057e9f68431273ac73176a3f3ebdd4	442880	file	worktree/.omo/evidence/unity-poc-core-loop/task-17-final/player/JanseonSeoul.app/Contents/Resources/Data/Managed/Unity.Collections.dll
851bd888c67a0c5b7cc9a2f6fb7398668d6547705458c277320706c9ffe289a0	232732	file	worktree/.omo/evidence/unity-poc-core-loop/task-17-final/player/JanseonSeoul.app/Contents/Resources/Data/Managed/Unity.Collections.pdb
e826d5e2048f213aa0e058e1391357d490fc11aea5f046fe5f964c03b95c0b3b	15872	file	worktree/.omo/evidence/unity-poc-core-loop/task-17-final/player/JanseonSeoul.app/Contents/Resources/Data/Managed/Unity.InputSystem.ForUI.dll
11c147a6504597d213eda669ac1fbdec2bff6f44ed0de74435bb7f21bfbf316f	20192	file	worktree/.omo/evidence/unity-poc-core-loop/task-17-final/player/JanseonSeoul.app/Contents/Resources/Data/Managed/Unity.InputSystem.ForUI.pdb
d05f4ad87c177a009f8a768c08abdb34460d4c4dc22ed387f200b85d2fa224c9	1154560	file	worktree/.omo/evidence/unity-poc-core-loop/task-17-final/player/JanseonSeoul.app/Contents/Resources/Data/Managed/Unity.InputSystem.dll
531c928f6b34337867ad8f60d9a696d0479e95a7a6155b1a6c443c9a0610a918	434400	file	worktree/.omo/evidence/unity-poc-core-loop/task-17-final/player/JanseonSeoul.app/Contents/Resources/Data/Managed/Unity.InputSystem.pdb
e30c40504c43cf3895c2dde086a077d645f6b4400df2c42cee32360da4285df3	4096	file	worktree/.omo/evidence/unity-poc-core-loop/task-17-final/player/JanseonSeoul.app/Contents/Resources/Data/Managed/Unity.InternalAPIEngineBridge.004.dll
41ae384184f26002333255e987360e3052888ae6bd17651ba56c64b40427b9b3	16884	file	worktree/.omo/evidence/unity-poc-core-loop/task-17-final/player/JanseonSeoul.app/Contents/Resources/Data/Managed/Unity.InternalAPIEngineBridge.004.pdb
f5dd8266ba65b525135489247e8153b921cd8a8c22e80d2c7ea1f32565d51d1b	5632	file	worktree/.omo/evidence/unity-poc-core-loop/task-17-final/player/JanseonSeoul.app/Contents/Resources/Data/Managed/Unity.InternalAPIEngineBridge.ObjectDispatcher.Runtime.dll
ddcc193a1dedc6e5b851377d3658b36085b7a9238ccea6a8cf01556b42d08af2	17228	file	worktree/.omo/evidence/unity-poc-core-loop/task-17-final/player/JanseonSeoul.app/Contents/Resources/Data/Managed/Unity.InternalAPIEngineBridge.ObjectDispatcher.Runtime.pdb
67d9e994696073ec8e1f58d2e8ba3df2d35a7cf349ad1b11af4a719b0873159a	4096	file	worktree/.omo/evidence/unity-poc-core-loop/task-17-final/player/JanseonSeoul.app/Contents/Resources/Data/Managed/Unity.InternalAPIEngineBridge.RenderPipelines.Core.Runtime.Shared.dll
3a6f7e2e421a6b68da2ed2594ee720488910789cd999f436052bba87762e9794	16720	file	worktree/.omo/evidence/unity-poc-core-loop/task-17-final/player/JanseonSeoul.app/Contents/Resources/Data/Managed/Unity.InternalAPIEngineBridge.RenderPipelines.Core.Runtime.Shared.pdb
c45703aaece0c0a4716ce6daa60199ea492ea0cd905a15bef214e2debdf61f47	160768	file	worktree/.omo/evidence/unity-poc-core-loop/task-17-final/player/JanseonSeoul.app/Contents/Resources/Data/Managed/Unity.PathTracing.Runtime.dll
ed89e61787c5e2f31e42422551798b2072b380b6cb32b37d70249bc29c71878d	68148	file	worktree/.omo/evidence/unity-poc-core-loop/task-17-final/player/JanseonSeoul.app/Contents/Resources/Data/Managed/Unity.PathTracing.Runtime.pdb
60931a92d0fc518b9caf391891f747751cc9389ed98c6cfa2b2772b40bbf30eb	10240	file	worktree/.omo/evidence/unity-poc-core-loop/task-17-final/player/JanseonSeoul.app/Contents/Resources/Data/Managed/Unity.Profiling.Core.dll
6cd07b0f6a4dd5ee90bdedf436d9d55ac77d8484a9baa6989ce4499abe1f193c	19444	file	worktree/.omo/evidence/unity-poc-core-loop/task-17-final/player/JanseonSeoul.app/Contents/Resources/Data/Managed/Unity.Profiling.Core.pdb
ecbf24201bffa36cfc28dfb6eaaee0633fa19b0d6fa2629378342fd726baafe2	7680	file	worktree/.omo/evidence/unity-poc-core-loop/task-17-final/player/JanseonSeoul.app/Contents/Resources/Data/Managed/Unity.RenderPipeline.Universal.ShaderLibrary.dll
5d348e198d97a45e1e57126cc7b5d3e9f06878aded87d378dd34a93e3bcabad6	16948	file	worktree/.omo/evidence/unity-poc-core-loop/task-17-final/player/JanseonSeoul.app/Contents/Resources/Data/Managed/Unity.RenderPipeline.Universal.ShaderLibrary.pdb
e2b34a3ebcfa47b79ff87017cdec61ed9fee5d39a91a9370bd4ffe0a91587ab9	11776	file	worktree/.omo/evidence/unity-poc-core-loop/task-17-final/player/JanseonSeoul.app/Contents/Resources/Data/Managed/Unity.RenderPipelines.Core.Runtime.Shared.dll
36246140cd78e6820d3596bc006a83c6756d184c6d01d2c1720ea4f505a42e77	19288	file	worktree/.omo/evidence/unity-poc-core-loop/task-17-final/player/JanseonSeoul.app/Contents/Resources/Data/Managed/Unity.RenderPipelines.Core.Runtime.Shared.pdb
2f5aafb1b95c05b901f5851ee9250d3f291274c77dc66c75ac5cbb97df86d931	1118208	file	worktree/.omo/evidence/unity-poc-core-loop/task-17-final/player/JanseonSeoul.app/Contents/Resources/Data/Managed/Unity.RenderPipelines.Core.Runtime.dll
7f2a5e3d5fe665930b431c800264abeb50d11cf42cf29f2d805ab88466438475	335500	file	worktree/.omo/evidence/unity-poc-core-loop/task-17-final/player/JanseonSeoul.app/Contents/Resources/Data/Managed/Unity.RenderPipelines.Core.Runtime.pdb
a128918b248cb779fce6a5e712093d4dc9176e95541e92e0f1a71806061ba700	3584	file	worktree/.omo/evidence/unity-poc-core-loop/task-17-final/player/JanseonSeoul.app/Contents/Resources/Data/Managed/Unity.RenderPipelines.Core.ShaderLibrary.dll
d768b7ef17f6fe04490716526d715de34a926b1f1645e984d56fdcb9bb1d506b	16648	file	worktree/.omo/evidence/unity-poc-core-loop/task-17-final/player/JanseonSeoul.app/Contents/Resources/Data/Managed/Unity.RenderPipelines.Core.ShaderLibrary.pdb
863c75ef3b5eec878e27ccb231770dcd24adf9f8a9427fd57cd0f7cb3566a3c1	305152	file	worktree/.omo/evidence/unity-poc-core-loop/task-17-final/player/JanseonSeoul.app/Contents/Resources/Data/Managed/Unity.RenderPipelines.GPUDriven.Runtime.dll
e8d5a619cd6a28619441aa7874a5ccddfd31be8631354df7dcf077d74b760312	123608	file	worktree/.omo/evidence/unity-poc-core-loop/task-17-final/player/JanseonSeoul.app/Contents/Resources/Data/Managed/Unity.RenderPipelines.GPUDriven.Runtime.pdb
43ef7d35338966ef82e1eacf4346d1c5cbabdc921c6d30af600bab579e40bc09	3584	file	worktree/.omo/evidence/unity-poc-core-loop/task-17-final/player/JanseonSeoul.app/Contents/Resources/Data/Managed/Unity.RenderPipelines.ShaderGraph.ShaderGraphLibrary.dll
08da5bee112a2d31e0a8538efeeff29465ebfffc80af150882e41193fbc6bb10	16648	file	worktree/.omo/evidence/unity-poc-core-loop/task-17-final/player/JanseonSeoul.app/Contents/Resources/Data/Managed/Unity.RenderPipelines.ShaderGraph.ShaderGraphLibrary.pdb
23eee91f219564629c415f1cbe302a4c1bf1b8fc291b8945b282563c67f9bd89	226304	file	worktree/.omo/evidence/unity-poc-core-loop/task-17-final/player/JanseonSeoul.app/Contents/Resources/Data/Managed/Unity.RenderPipelines.Universal.2D.Runtime.dll
9a621c0f131c8e689bf0dae5695b90f3d3f313ef12a8d853e99ef42d1e6a20e9	111868	file	worktree/.omo/evidence/unity-poc-core-loop/task-17-final/player/JanseonSeoul.app/Contents/Resources/Data/Managed/Unity.RenderPipelines.Universal.2D.Runtime.pdb
d1ad60e203b4a6b9468103062ce20cea27c20c81bada0738b9a8657a002fa490	4096	file	worktree/.omo/evidence/unity-poc-core-loop/task-17-final/player/JanseonSeoul.app/Contents/Resources/Data/Managed/Unity.RenderPipelines.Universal.Config.Runtime.dll
36fef78337d61d3b48e1a4691770f5325264ed4b85b8ae67df2ddadb815c7ccd	16712	file	worktree/.omo/evidence/unity-poc-core-loop/task-17-final/player/JanseonSeoul.app/Contents/Resources/Data/Managed/Unity.RenderPipelines.Universal.Config.Runtime.pdb
7cf6185ce92f593b6e7efa0e19455db26beb473a22774e79a08e10e180d1cfdb	876032	file	worktree/.omo/evidence/unity-poc-core-loop/task-17-final/player/JanseonSeoul.app/Contents/Resources/Data/Managed/Unity.RenderPipelines.Universal.Runtime.dll
5aad1f703740f3c79936e8d2719aa8ffade9397e4c99bfdf37f8ba34a39182c8	289608	file	worktree/.omo/evidence/unity-poc-core-loop/task-17-final/player/JanseonSeoul.app/Contents/Resources/Data/Managed/Unity.RenderPipelines.Universal.Runtime.pdb
810c01fc28b63b6e75c290c7efada95b9fb86087a75879dec287f93cfc291e2e	3584	file	worktree/.omo/evidence/unity-poc-core-loop/task-17-final/player/JanseonSeoul.app/Contents/Resources/Data/Managed/Unity.RenderPipelines.Universal.Shaders.dll
24f735e7aca928824c0dad88e761093624d6d91c8d2cdf9ce4adc877e99c50ba	16636	file	worktree/.omo/evidence/unity-poc-core-loop/task-17-final/player/JanseonSeoul.app/Contents/Resources/Data/Managed/Unity.RenderPipelines.Universal.Shaders.pdb
632b0ad7612da426f6d56d2ccf77054d9a89329411c9a1105dc1d04046982fd3	65024	file	worktree/.omo/evidence/unity-poc-core-loop/task-17-final/player/JanseonSeoul.app/Contents/Resources/Data/Managed/Unity.Scripting.dll
41bdbb9b81806a8666417ed3f1e95b68d8b95e52ab8b1781fff4ea3abd8f1a05	30076	file	worktree/.omo/evidence/unity-poc-core-loop/task-17-final/player/JanseonSeoul.app/Contents/Resources/Data/Managed/Unity.Scripting.pdb
0c23b7f901d3b9670553bf69dfc222083861c73e96f871d06b9b1f5ec4802034	51200	file	worktree/.omo/evidence/unity-poc-core-loop/task-17-final/player/JanseonSeoul.app/Contents/Resources/Data/Managed/Unity.SurfaceCache.Runtime.dll
7452839b7a4ac6fcbe657663d3d0d37dc5aac4831cfd11d734267cb1082a8ee7	30740	file	worktree/.omo/evidence/unity-poc-core-loop/task-17-final/player/JanseonSeoul.app/Contents/Resources/Data/Managed/Unity.SurfaceCache.Runtime.pdb
97d5785a9851bc06cba6e77a4d798c86586f562bc32ff451ebcd8b274db6fb17	451584	file	worktree/.omo/evidence/unity-poc-core-loop/task-17-final/player/JanseonSeoul.app/Contents/Resources/Data/Managed/Unity.TextMeshPro.dll
e552e48448a80dbca3e7be0f9633b99f8a94c678e3379286f06c51372234e45b	188864	file	worktree/.omo/evidence/unity-poc-core-loop/task-17-final/player/JanseonSeoul.app/Contents/Resources/Data/Managed/Unity.TextMeshPro.pdb
b0863e3f0670a47420de81fa008b5d6a84d099316e516aad9d6ae20445c869de	108544	file	worktree/.omo/evidence/unity-poc-core-loop/task-17-final/player/JanseonSeoul.app/Contents/Resources/Data/Managed/Unity.UnifiedRayTracing.Runtime.dll
8aa031f4e2467a60cb14906e1dff8d3c1901a6124fe3e68c685baf7dda9269eb	53284	file	worktree/.omo/evidence/unity-poc-core-loop/task-17-final/player/JanseonSeoul.app/Contents/Resources/Data/Managed/Unity.UnifiedRayTracing.Runtime.pdb
e02be2ecdc41a83238e9c14c5e9691956cca27f22aeae7f86b2cebdc44ee0178	79360	file	worktree/.omo/evidence/unity-poc-core-loop/task-17-final/player/JanseonSeoul.app/Contents/Resources/Data/Managed/UnityEngine.AIModule.dll
4c9eac1ca90d91ac5ed90376af280174b5a64409623b7788ec028e74b46753b5	24520	file	worktree/.omo/evidence/unity-poc-core-loop/task-17-final/player/JanseonSeoul.app/Contents/Resources/Data/Managed/UnityEngine.AIModule.pdb
ae827cea029b1cbd6ba614ee36a4d853cae5feaa10454b1c21cfd6e13440087f	17920	file	worktree/.omo/evidence/unity-poc-core-loop/task-17-final/player/JanseonSeoul.app/Contents/Resources/Data/Managed/UnityEngine.ARModule.dll
ca8c273457320ef6290ae4abe34b0eda3ccad8efae148668f4eb95205ace2df2	10708	file	worktree/.omo/evidence/unity-poc-core-loop/task-17-final/player/JanseonSeoul.app/Contents/Resources/Data/Managed/UnityEngine.ARModule.pdb
ab951d2efc30e66839dba2eeeeaa2691fa1262012eaaa033c341775961559424	40448	file	worktree/.omo/evidence/unity-poc-core-loop/task-17-final/player/JanseonSeoul.app/Contents/Resources/Data/Managed/UnityEngine.AccessibilityModule.dll
01bb240ec512b1e7ad664afa8bb4868cded50bb56cbfcefb0c62d06608dd8a88	24080	file	worktree/.omo/evidence/unity-poc-core-loop/task-17-final/player/JanseonSeoul.app/Contents/Resources/Data/Managed/UnityEngine.AccessibilityModule.pdb
32248e80cf057253e812858fe25af637340b7c27761f32463d40a00f982f38f7	149504	file	worktree/.omo/evidence/unity-poc-core-loop/task-17-final/player/JanseonSeoul.app/Contents/Resources/Data/Managed/UnityEngine.AdaptivePerformanceModule.dll
c8558f9a13b2a28e97bb2f98d1cd9f2e68e49aba7a7826dc7131ee7dd926f9a0	62636	file	worktree/.omo/evidence/unity-poc-core-loop/task-17-final/player/JanseonSeoul.app/Contents/Resources/Data/Managed/UnityEngine.AdaptivePerformanceModule.pdb
88d3811c7b01e45528483e047be9a867759debaca6d0c6041a6f35f9071ec4b2	115712	file	worktree/.omo/evidence/unity-poc-core-loop/task-17-final/player/JanseonSeoul.app/Contents/Resources/Data/Managed/UnityEngine.AndroidJNIModule.dll
897e69d278e294b4cd92055f3278f2ac0387bc84b07d6f113d17edb855bcc695	43660	file	worktree/.omo/evidence/unity-poc-core-loop/task-17-final/player/JanseonSeoul.app/Contents/Resources/Data/Managed/UnityEngine.AndroidJNIModule.pdb
43dddce0ac3d24cbe824d4d391d9b223e3a67eeb4b354e1b0a2fd95dbb506d8f	211968	file	worktree/.omo/evidence/unity-poc-core-loop/task-17-final/player/JanseonSeoul.app/Contents/Resources/Data/Managed/UnityEngine.AnimationModule.dll
32b5580d66bb45ad2c425b750d045e250423cee57512b7fe5bab33dd0cb49168	51856	file	worktree/.omo/evidence/unity-poc-core-loop/task-17-final/player/JanseonSeoul.app/Contents/Resources/Data/Managed/UnityEngine.AnimationModule.pdb
2e4c83bc71fb23c1b0d21f69f11ff510787b460a28c698d71f7f60c15c83cbb2	33280	file	worktree/.omo/evidence/unity-poc-core-loop/task-17-final/player/JanseonSeoul.app/Contents/Resources/Data/Managed/UnityEngine.AssetBundleModule.dll
3159d22f3ff86c8378a66eb2f720744ac71043489df5c5fd8ce114fc5c6c82a0	13868	file	worktree/.omo/evidence/unity-poc-core-loop/task-17-final/player/JanseonSeoul.app/Contents/Resources/Data/Managed/UnityEngine.AssetBundleModule.pdb
16e513795deda96bee20c2f65b8949f5bbba194fa3d2f05b9aaaf9364dfe52e6	136704	file	worktree/.omo/evidence/unity-poc-core-loop/task-17-final/player/JanseonSeoul.app/Contents/Resources/Data/Managed/UnityEngine.AudioModule.dll
fa3e7ba01b7744c06347a87847968421555b7bd58a3cddf9149377fedf548d9d	34612	file	worktree/.omo/evidence/unity-poc-core-loop/task-17-final/player/JanseonSeoul.app/Contents/Resources/Data/Managed/UnityEngine.AudioModule.pdb
9c2cae1d5f7a3b861608b8b2fe98a01e769438580e928784b9aa41893ef325d8	327680	file	worktree/.omo/evidence/unity-poc-core-loop/task-17-final/player/JanseonSeoul.app/Contents/Resources/Data/Managed/UnityEngine.BurstModule.dll
2eeb399d8e51a76b3e34babffa3bbd2b4443e6c056b59ffab570bb5f32b795d6	170556	file	worktree/.omo/evidence/unity-poc-core-loop/task-17-final/player/JanseonSeoul.app/Contents/Resources/Data/Managed/UnityEngine.BurstModule.pdb
8d91de8fec17142e837a1d8cd2920aadacf255407fadb157faa4d081d4053c98	29696	file	worktree/.omo/evidence/unity-poc-core-loop/task-17-final/player/JanseonSeoul.app/Contents/Resources/Data/Managed/UnityEngine.ClothModule.dll
f7f0095ba03ae9403d382d12d36515263a481223f069ad85734b37a8b392f184	12672	file	worktree/.omo/evidence/unity-poc-core-loop/task-17-final/player/JanseonSeoul.app/Contents/Resources/Data/Managed/UnityEngine.ClothModule.pdb
facf392aa86c8d14aef7c9910726713290244d1ab1f97f47ae55e2f0212d572d	19968	file	worktree/.omo/evidence/unity-poc-core-loop/task-17-final/player/JanseonSeoul.app/Contents/Resources/Data/Managed/UnityEngine.ClusterInputModule.dll
bec7472c395876bfbb8b38b34a2ac9bb425866a569723f1338858aad21fc1b02	10140	file	worktree/.omo/evidence/unity-poc-core-loop/task-17-final/player/JanseonSeoul.app/Contents/Resources/Data/Managed/UnityEngine.ClusterInputModule.pdb
927105339ad5904b5d66cfaa6aa8a83cbccc5046e34ba2361782b501e608bdb4	18944	file	worktree/.omo/evidence/unity-poc-core-loop/task-17-final/player/JanseonSeoul.app/Contents/Resources/Data/Managed/UnityEngine.ClusterRendererModule.dll
351420bcf51b84f83052b45d810fc67cb28ff37cd19462d5c0809c1a78f411b6	10620	file	worktree/.omo/evidence/unity-poc-core-loop/task-17-final/player/JanseonSeoul.app/Contents/Resources/Data/Managed/UnityEngine.ClusterRendererModule.pdb
522da378cd2fe1e5bb5ed5f2fbebc421767e7e2424e1a1eb5ca764e90d274ac6	48128	file	worktree/.omo/evidence/unity-poc-core-loop/task-17-final/player/JanseonSeoul.app/Contents/Resources/Data/Managed/UnityEngine.ContentLoadModule.dll
2b485270bca643c3b9fc7010ef8dc239b6a80f2dcd627d392c3e6f60337a9d5b	20660	file	worktree/.omo/evidence/unity-poc-core-loop/task-17-final/player/JanseonSeoul.app/Contents/Resources/Data/Managed/UnityEngine.ContentLoadModule.pdb
004775893b72d44921e3d0f5fbefda6147fb450c50541dff8df5706bd4561f4c	2064896	file	worktree/.omo/evidence/unity-poc-core-loop/task-17-final/player/JanseonSeoul.app/Contents/Resources/Data/Managed/UnityEngine.CoreModule.dll
9d6b06c335c51952c6555baee8d4b77a901b3b51ef00ea614b72df4195e39b7c	546472	file	worktree/.omo/evidence/unity-poc-core-loop/task-17-final/player/JanseonSeoul.app/Contents/Resources/Data/Managed/UnityEngine.CoreModule.pdb
217a884d4cf406a0ddba7577282f209d8235a63db4a6af1ad42c5b665c0de47f	18944	file	worktree/.omo/evidence/unity-poc-core-loop/task-17-final/player/JanseonSeoul.app/Contents/Resources/Data/Managed/UnityEngine.CrashReportingModule.dll
46a29eddd6cec8def1aa4fb7997a1ed893f76de2feb55077b307feedbcd88861	10788	file	worktree/.omo/evidence/unity-poc-core-loop/task-17-final/player/JanseonSeoul.app/Contents/Resources/Data/Managed/UnityEngine.CrashReportingModule.pdb
e4a28fb54727a9ff1c45e51b2412cffac456324a4788a0757579631f9a731ad3	23552	file	worktree/.omo/evidence/unity-poc-core-loop/task-17-final/player/JanseonSeoul.app/Contents/Resources/Data/Managed/UnityEngine.DSPGraphModule.dll
d87c524fc30554363341a019cf404301465ece05301adc294aea411a7c9ea4c8	10352	file	worktree/.omo/evidence/unity-poc-core-loop/task-17-final/player/JanseonSeoul.app/Contents/Resources/Data/Managed/UnityEngine.DSPGraphModule.pdb
90b043ac4a937b565051910065e6fc874d826abd1b9c9a022616443e1560212a	34304	file	worktree/.omo/evidence/unity-poc-core-loop/task-17-final/player/JanseonSeoul.app/Contents/Resources/Data/Managed/UnityEngine.DirectorModule.dll
6a933bcf3e2f969489cd4c00dd978b763fb217a6b95ffdad2c82683bc23c492d	15112	file	worktree/.omo/evidence/unity-poc-core-loop/task-17-final/player/JanseonSeoul.app/Contents/Resources/Data/Managed/UnityEngine.DirectorModule.pdb
8da6b75e33218147e3b9479e58573803086d5e3e94be31de37b40f239b0c77e7	16384	file	worktree/.omo/evidence/unity-poc-core-loop/task-17-final/player/JanseonSeoul.app/Contents/Resources/Data/Managed/UnityEngine.GIModule.dll
b90f58e9bd527c620d340ba0a9f55a73313a2b672b2f9e759391963d3759acb9	10012	file	worktree/.omo/evidence/unity-poc-core-loop/task-17-final/player/JanseonSeoul.app/Contents/Resources/Data/Managed/UnityEngine.GIModule.pdb
1d8102fe0949b190a3d33ec2000219cb6187d11395194313ca48fc0ebb6b63e4	36352	file	worktree/.omo/evidence/unity-poc-core-loop/task-17-final/player/JanseonSeoul.app/Contents/Resources/Data/Managed/UnityEngine.GameCenterModule.dll
411f23d00c277bb02e7f13544f97586ddc9ec0522613bcb7b7d8359701c31bb0	16484	file	worktree/.omo/evidence/unity-poc-core-loop/task-17-final/player/JanseonSeoul.app/Contents/Resources/Data/Managed/UnityEngine.GameCenterModule.pdb
13c09ba7b73c13a744100c34410870baa1df2f41b292d8e4de340d5f2f0d3849	3584	file	worktree/.omo/evidence/unity-poc-core-loop/task-17-final/player/JanseonSeoul.app/Contents/Resources/Data/Managed/UnityEngine.GraphicsStateCollectionSerializerModule.dll
fafb337e2c42b2fb7bbbbbe674ac4a6d8fabe4e5d269e208098fa08f77e88285	10044	file	worktree/.omo/evidence/unity-poc-core-loop/task-17-final/player/JanseonSeoul.app/Contents/Resources/Data/Managed/UnityEngine.GraphicsStateCollectionSerializerModule.pdb
f27a5326ccc4c378e4d8e16d6995f3540550da35df2adbb82a1ab99362b05ece	24064	file	worktree/.omo/evidence/unity-poc-core-loop/task-17-final/player/JanseonSeoul.app/Contents/Resources/Data/Managed/UnityEngine.GridModule.dll
3348d84058059dc891bbb4df57671eee74260c8babdfdbfd17d8b1182c826011	12312	file	worktree/.omo/evidence/unity-poc-core-loop/task-17-final/player/JanseonSeoul.app/Contents/Resources/Data/Managed/UnityEngine.GridModule.pdb
5b8ab2e7a564e1c148377f9eef3349ebb6c6f75f0511d469093449167471390c	93184	file	worktree/.omo/evidence/unity-poc-core-loop/task-17-final/player/JanseonSeoul.app/Contents/Resources/Data/Managed/UnityEngine.HierarchyCoreModule.dll
44cfa9031032b2943915fc9943492857319ed99f001f1f84b948c9ac1061016d	32404	file	worktree/.omo/evidence/unity-poc-core-loop/task-17-final/player/JanseonSeoul.app/Contents/Resources/Data/Managed/UnityEngine.HierarchyCoreModule.pdb
c701701c093ac1a6ca5af78b5224154aee6bc98b21e3beb7b46d51cf093a99c0	104448	file	worktree/.omo/evidence/unity-poc-core-loop/task-17-final/player/JanseonSeoul.app/Contents/Resources/Data/Managed/UnityEngine.HierarchyModule.dll
6c6331168885f5c13f3d5840dc2f5706957d29ed367d13a40466c3d205c24f61	47540	file	worktree/.omo/evidence/unity-poc-core-loop/task-17-final/player/JanseonSeoul.app/Contents/Resources/Data/Managed/UnityEngine.HierarchyModule.pdb
23ce1c969616347d384a146ae719e1bbfbe3a4042d01706ea61d950000693737	16384	file	worktree/.omo/evidence/unity-poc-core-loop/task-17-final/player/JanseonSeoul.app/Contents/Resources/Data/Managed/UnityEngine.HotReloadModule.dll
f3fb37b208db0a927f1c101ee205e5341a4f7152a3b5a688d6ec162f7e152bba	10012	file	worktree/.omo/evidence/unity-poc-core-loop/task-17-final/player/JanseonSeoul.app/Contents/Resources/Data/Managed/UnityEngine.HotReloadModule.pdb
12545e7cee5520d00fd9e3a673f49ca86b5dba18fbd09f13da6cb22834780225	184832	file	worktree/.omo/evidence/unity-poc-core-loop/task-17-final/player/JanseonSeoul.app/Contents/Resources/Data/Managed/UnityEngine.IMGUIModule.dll
1acd76430c4fc1608872a0520d806cb868212826359124fd40130ab8c2c96b30	70812	file	worktree/.omo/evidence/unity-poc-core-loop/task-17-final/player/JanseonSeoul.app/Contents/Resources/Data/Managed/UnityEngine.IMGUIModule.pdb
a3822f9494501c6ebd5f15ad6acfb5d8b06bca883be86dd0cd59e0803baf2926	7168	file	worktree/.omo/evidence/unity-poc-core-loop/task-17-final/player/JanseonSeoul.app/Contents/Resources/Data/Managed/UnityEngine.IdentifiersModule.dll
d72ee92e2067762c130c2f60227fe18243cb1f25a7371a672a3b9164a27a8f66	11328	file	worktree/.omo/evidence/unity-poc-core-loop/task-17-final/player/JanseonSeoul.app/Contents/Resources/Data/Managed/UnityEngine.IdentifiersModule.pdb
e276166d4d260411faf0d4af5bf4847831d0f89fd86ff1bca3fc695ca1fd6a63	24576	file	worktree/.omo/evidence/unity-poc-core-loop/task-17-final/player/JanseonSeoul.app/Contents/Resources/Data/Managed/UnityEngine.ImageConversionModule.dll
1327b98b585aaf3b4701afcb802998e70d5f645a429b4adb1dbeaed51d7a33d7	11248	file	worktree/.omo/evidence/unity-poc-core-loop/task-17-final/player/JanseonSeoul.app/Contents/Resources/Data/Managed/UnityEngine.ImageConversionModule.pdb
096d7e0bced04d8a3378f59d1a7e74c0a0b9283e4af7130adede82bc5ca3ca98	46080	file	worktree/.omo/evidence/unity-poc-core-loop/task-17-final/player/JanseonSeoul.app/Contents/Resources/Data/Managed/UnityEngine.InputForUIModule.dll
3c80fcdeafe59e382ab9183cb0dafdf0f8f5da32e317ffa9a46dd47ba65e0895	24228	file	worktree/.omo/evidence/unity-poc-core-loop/task-17-final/player/JanseonSeoul.app/Contents/Resources/Data/Managed/UnityEngine.InputForUIModule.pdb
cdc380409e6220eecc4be95d268d96dc3ea917823e1d950eaf030e5063c18f7c	33280	file	worktree/.omo/evidence/unity-poc-core-loop/task-17-final/player/JanseonSeoul.app/Contents/Resources/Data/Managed/UnityEngine.InputLegacyModule.dll
4b304644610b67af5762444dc8cf87ce1d3e71c0dda4fb289868889c58b710a5	14268	file	worktree/.omo/evidence/unity-poc-core-loop/task-17-final/player/JanseonSeoul.app/Contents/Resources/Data/Managed/UnityEngine.InputLegacyModule.pdb
d764c86da1d8da9ffe03512a18a923721a4a8093e4896cc031c7195786b96bcd	22528	file	worktree/.omo/evidence/unity-poc-core-loop/task-17-final/player/JanseonSeoul.app/Contents/Resources/Data/Managed/UnityEngine.InputModule.dll
556ee580f4fbd5d905ffcd5d2e9e30c1b5855144a59ef4639dc9662f6190fd4c	13472	file	worktree/.omo/evidence/unity-poc-core-loop/task-17-final/player/JanseonSeoul.app/Contents/Resources/Data/Managed/UnityEngine.InputModule.pdb
bb8800aae21f134244d9cc57b1309ab078763302098fec87c5b7bf8e7c348f29	5632	file	worktree/.omo/evidence/unity-poc-core-loop/task-17-final/player/JanseonSeoul.app/Contents/Resources/Data/Managed/UnityEngine.InsightsModule.dll
798b845edb51c015e789ff817c1e403a1e67512301a4e59db92a3bea80e2147d	10856	file	worktree/.omo/evidence/unity-poc-core-loop/task-17-final/player/JanseonSeoul.app/Contents/Resources/Data/Managed/UnityEngine.InsightsModule.pdb
02f3d15db183da91f1acd90a6f50d4d0f4f7e43055b4ce397dcde8b93ba0a3a4	18944	file	worktree/.omo/evidence/unity-poc-core-loop/task-17-final/player/JanseonSeoul.app/Contents/Resources/Data/Managed/UnityEngine.JSONSerializeModule.dll
4914cb3a4c0f23937a7593d0212082ce4b96eb546b17cc2d446df31cd777ab75	10520	file	worktree/.omo/evidence/unity-poc-core-loop/task-17-final/player/JanseonSeoul.app/Contents/Resources/Data/Managed/UnityEngine.JSONSerializeModule.pdb
06f9de509bb04d9e6ad2ccaaf8fa403fbbe13ac1e6ddc83c2b83c0d520c428fe	20480	file	worktree/.omo/evidence/unity-poc-core-loop/task-17-final/player/JanseonSeoul.app/Contents/Resources/Data/Managed/UnityEngine.LocalizationModule.dll
f0e12be065c34af85b2ad5c37fec559bfa7269554376c055b31ed6935099db4d	11860	file	worktree/.omo/evidence/unity-poc-core-loop/task-17-final/player/JanseonSeoul.app/Contents/Resources/Data/Managed/UnityEngine.LocalizationModule.pdb
fbf62eef2d83945bfb5bc5b6ea1680cf5d8d46b47fa048116da240741c239e11	3584	file	worktree/.omo/evidence/unity-poc-core-loop/task-17-final/player/JanseonSeoul.app/Contents/Resources/Data/Managed/UnityEngine.ManagedKernelModule.dll
a34cc84baeae13641000d0749a2a477da9cbba197ab500bf7cfdfd390a063ac2	10044	file	worktree/.omo/evidence/unity-poc-core-loop/task-17-final/player/JanseonSeoul.app/Contents/Resources/Data/Managed/UnityEngine.ManagedKernelModule.pdb
7658811882cb60728cb121d1c52543d8dc9205decec3fe00cd7b909a37ad5d1e	98304	file	worktree/.omo/evidence/unity-poc-core-loop/task-17-final/player/JanseonSeoul.app/Contents/Resources/Data/Managed/UnityEngine.MarshallingModule.dll
72603dd84a56cde5139f90ead1cdf5005164e80be0dd8dde9b7217ad776866ae	20076	file	worktree/.omo/evidence/unity-poc-core-loop/task-17-final/player/JanseonSeoul.app/Contents/Resources/Data/Managed/UnityEngine.MarshallingModule.pdb
91e0b73fdbc6d2a2359defc3fb015e2f1a0903bfe95fd2077a40af5a89a05ac2	730112	file	worktree/.omo/evidence/unity-poc-core-loop/task-17-final/player/JanseonSeoul.app/Contents/Resources/Data/Managed/UnityEngine.MathematicsModule.dll
9f5ad4f3af7ba113d386f05649b8ec11424e0ff527667b4ca87b1b06eb0d7e5a	324536	file	worktree/.omo/evidence/unity-poc-core-loop/task-17-final/player/JanseonSeoul.app/Contents/Resources/Data/Managed/UnityEngine.MathematicsModule.pdb
bcab3d86726b2d1239ce012598eb09d265b918c62fa2258a2db56724238f3ba8	9728	file	worktree/.omo/evidence/unity-poc-core-loop/task-17-final/player/JanseonSeoul.app/Contents/Resources/Data/Managed/UnityEngine.MultiplayerModule.dll
6cdc839102017d891a09c758425ee86bf13c15f93d351650b994aff26771ff00	13340	file	worktree/.omo/evidence/unity-poc-core-loop/task-17-final/player/JanseonSeoul.app/Contents/Resources/Data/Managed/UnityEngine.MultiplayerModule.pdb
2aa23589d190aae9f612fcc7cc0c132f386a05a756f4a17a0d8d109c92edbb03	161280	file	worktree/.omo/evidence/unity-poc-core-loop/task-17-final/player/JanseonSeoul.app/Contents/Resources/Data/Managed/UnityEngine.ParticleSystemModule.dll
b46adcec1584eae57c700f7771ca561e4efb180d200a0bdbb9b9a178f38dbfde	37840	file	worktree/.omo/evidence/unity-poc-core-loop/task-17-final/player/JanseonSeoul.app/Contents/Resources/Data/Managed/UnityEngine.ParticleSystemModule.pdb
a47f8605e29f27ac6140a670a22d96224e49d3ad09aa06e4e91c20d4538dc465	17408	file	worktree/.omo/evidence/unity-poc-core-loop/task-17-final/player/JanseonSeoul.app/Contents/Resources/Data/Managed/UnityEngine.PerformanceReportingModule.dll
c30ff16032bd40a21bddea211a79d31e85fc5143768a63d96ae660c29257e918	10260	file	worktree/.omo/evidence/unity-poc-core-loop/task-17-final/player/JanseonSeoul.app/Contents/Resources/Data/Managed/UnityEngine.PerformanceReportingModule.pdb
e3a424118037a9101366b84abce396b7a71c7d4f065783d3075fa75a07f756ee	220672	file	worktree/.omo/evidence/unity-poc-core-loop/task-17-final/player/JanseonSeoul.app/Contents/Resources/Data/Managed/UnityEngine.Physics2DModule.dll
94d4c6e6e60b475d9f79c0346f3685b711d13b559d65516d53a7395121e29b0a	47940	file	worktree/.omo/evidence/unity-poc-core-loop/task-17-final/player/JanseonSeoul.app/Contents/Resources/Data/Managed/UnityEngine.Physics2DModule.pdb
c470fe0d2a14f3c8c56e3be0db8e0dc906dfbf3cdcdcfb59b20e6edd4d0b2781	3584	file	worktree/.omo/evidence/unity-poc-core-loop/task-17-final/player/JanseonSeoul.app/Contents/Resources/Data/Managed/UnityEngine.PhysicsBackendPhysXModule.dll
599442285dfdfe28ea87e46d1f6836a8790f82da083cc867714cadc99adac7a7	10040	file	worktree/.omo/evidence/unity-poc-core-loop/task-17-final/player/JanseonSeoul.app/Contents/Resources/Data/Managed/UnityEngine.PhysicsBackendPhysXModule.pdb
723a221d1bcdee95ee2c0b546653833fd2dbced44d0fa3ee97036ed023db2b31	500736	file	worktree/.omo/evidence/unity-poc-core-loop/task-17-final/player/JanseonSeoul.app/Contents/Resources/Data/Managed/UnityEngine.PhysicsCore2DModule.dll
6ead9085ee3029f00fa9e3908880685fedd48bdc861cea7822ef4533cf62bfd1	122884	file	worktree/.omo/evidence/unity-poc-core-loop/task-17-final/player/JanseonSeoul.app/Contents/Resources/Data/Managed/UnityEngine.PhysicsCore2DModule.pdb
1b042db98c4e5ab6fe312732f117435fc9711038fb1ea36bba084b0d4caf2cd4	178688	file	worktree/.omo/evidence/unity-poc-core-loop/task-17-final/player/JanseonSeoul.app/Contents/Resources/Data/Managed/UnityEngine.PhysicsModule.dll
cea3222e86a133215b09926c6d039578721c73d8600989d4f8eaed368aa8132d	44728	file	worktree/.omo/evidence/unity-poc-core-loop/task-17-final/player/JanseonSeoul.app/Contents/Resources/Data/Managed/UnityEngine.PhysicsModule.pdb
dc91806799882c24ae42f368ec2312452d8c70614ddb3395c15d2dfc17d55976	116224	file	worktree/.omo/evidence/unity-poc-core-loop/task-17-final/player/JanseonSeoul.app/Contents/Resources/Data/Managed/UnityEngine.PropertiesModule.dll
92820aae71a001c9a7bb89a2dd619d460ce3d077c4a23408657afdbdc93e0fd7	54580	file	worktree/.omo/evidence/unity-poc-core-loop/task-17-final/player/JanseonSeoul.app/Contents/Resources/Data/Managed/UnityEngine.PropertiesModule.pdb
7b932c0fd620fdc7d5ec998990174437be37f8e583e04ed8260bde291fbd2953	18944	file	worktree/.omo/evidence/unity-poc-core-loop/task-17-final/player/JanseonSeoul.app/Contents/Resources/Data/Managed/UnityEngine.RenderAs2DModule.dll
cf0d4a42dff32e0249271941f8fe51efbab97c24db0948ce8907ecc9164544a4	11564	file	worktree/.omo/evidence/unity-poc-core-loop/task-17-final/player/JanseonSeoul.app/Contents/Resources/Data/Managed/UnityEngine.RenderAs2DModule.pdb
5bc437856fdc2bbee255e3df535dbcee67362c8e2f67d4d636b7edfb8d91b095	16384	file	worktree/.omo/evidence/unity-poc-core-loop/task-17-final/player/JanseonSeoul.app/Contents/Resources/Data/Managed/UnityEngine.RuntimeInitializeOnLoadManagerInitializerModule.dll
5640977c45894abc31a0192d187407cb342f80977eec990b52acf00422d6529c	10080	file	worktree/.omo/evidence/unity-poc-core-loop/task-17-final/player/JanseonSeoul.app/Contents/Resources/Data/Managed/UnityEngine.RuntimeInitializeOnLoadManagerInitializerModule.pdb
f2633686910293dee27bd1687ed5a276a54b3839ac28532dd5d02add4d4fd0bd	19968	file	worktree/.omo/evidence/unity-poc-core-loop/task-17-final/player/JanseonSeoul.app/Contents/Resources/Data/Managed/UnityEngine.ScreenCaptureModule.dll
cb66363f63b02bd09c93ffab9d989435bb02510017c75ffe38d8f72f54e6af13	11168	file	worktree/.omo/evidence/unity-poc-core-loop/task-17-final/player/JanseonSeoul.app/Contents/Resources/Data/Managed/UnityEngine.ScreenCaptureModule.pdb
5178fef7fb6dfd50bf6de4863aabfc586bcb106988eacc76c2cf9d3ad3913c96	56832	file	worktree/.omo/evidence/unity-poc-core-loop/task-17-final/player/JanseonSeoul.app/Contents/Resources/Data/Managed/UnityEngine.ScriptingModule.dll
9719af01f783c691f5bdce05fac5e4e8d6ca6c7b72870a23f2d9121f69946a7d	25708	file	worktree/.omo/evidence/unity-poc-core-loop/task-17-final/player/JanseonSeoul.app/Contents/Resources/Data/Managed/UnityEngine.ScriptingModule.pdb
31a9d168349225e4c54580d76a14a89326f5f3f242e332519c503d3c4474a38b	16384	file	worktree/.omo/evidence/unity-poc-core-loop/task-17-final/player/JanseonSeoul.app/Contents/Resources/Data/Managed/UnityEngine.ShaderVariantAnalyticsModule.dll
a7c719f822e939290eb5b23f265e43b7cb2e8b9ebd3bfd45711b2b5be4afa31e	10148	file	worktree/.omo/evidence/unity-poc-core-loop/task-17-final/player/JanseonSeoul.app/Contents/Resources/Data/Managed/UnityEngine.ShaderVariantAnalyticsModule.pdb
56e03823c1845c25caa1ae15e3ad19fbeb1f3206fe5cbbd15a8660512aca5e86	162304	file	worktree/.omo/evidence/unity-poc-core-loop/task-17-final/player/JanseonSeoul.app/Contents/Resources/Data/Managed/UnityEngine.SmartStringsModule.dll
3fa91a7c7d656a7455129c534224fd96543b71b3ecc8ba64a0330c4bdcb7e00d	70224	file	worktree/.omo/evidence/unity-poc-core-loop/task-17-final/player/JanseonSeoul.app/Contents/Resources/Data/Managed/UnityEngine.SmartStringsModule.pdb
32f268bb7a748d35839a5cb48b631149d97ee8cd2237862cf11d8bdb4f6770a0	22016	file	worktree/.omo/evidence/unity-poc-core-loop/task-17-final/player/JanseonSeoul.app/Contents/Resources/Data/Managed/UnityEngine.SpriteMaskModule.dll
5be7e4e7ea6943c9f9656462409b9f250c83018664658221fe167cfc30d81377	11836	file	worktree/.omo/evidence/unity-poc-core-loop/task-17-final/player/JanseonSeoul.app/Contents/Resources/Data/Managed/UnityEngine.SpriteMaskModule.pdb
0e55a56793532914648dbf1bcffa399ba42ba858575ad220e764e204a6141257	25600	file	worktree/.omo/evidence/unity-poc-core-loop/task-17-final/player/JanseonSeoul.app/Contents/Resources/Data/Managed/UnityEngine.SpriteShapeModule.dll
d1b9ec8f8556c8bc33d10b8e4138866ba4eafc8c291d21855d58d2b488e0e1fc	12836	file	worktree/.omo/evidence/unity-poc-core-loop/task-17-final/player/JanseonSeoul.app/Contents/Resources/Data/Managed/UnityEngine.SpriteShapeModule.pdb
8d0ecda69148298a55a7827126bf7b98d2d8332348bd33d14343048ac9689b92	19456	file	worktree/.omo/evidence/unity-poc-core-loop/task-17-final/player/JanseonSeoul.app/Contents/Resources/Data/Managed/UnityEngine.StreamingModule.dll
4d4e4c34c0d66fbbc2f8485da4e925f5b1a82f51a1d30d79baa1b076bb0a9a80	11592	file	worktree/.omo/evidence/unity-poc-core-loop/task-17-final/player/JanseonSeoul.app/Contents/Resources/Data/Managed/UnityEngine.StreamingModule.pdb
0cdc8f00e2960d0eda035404b30bb070b4ef8267d6af0ad9ed159dfa1254f77a	35840	file	worktree/.omo/evidence/unity-poc-core-loop/task-17-final/player/JanseonSeoul.app/Contents/Resources/Data/Managed/UnityEngine.SubsystemsModule.dll
f22943d8da34947b809448a8f08df6745fe8ea6be46b093d6306aa33a3a548d2	19020	file	worktree/.omo/evidence/unity-poc-core-loop/task-17-final/player/JanseonSeoul.app/Contents/Resources/Data/Managed/UnityEngine.SubsystemsModule.pdb
37cef0ff7e1f5b3f8731a05d837d7a2ee364c95ad046fbbad8f4f2d649847585	24064	file	worktree/.omo/evidence/unity-poc-core-loop/task-17-final/player/JanseonSeoul.app/Contents/Resources/Data/Managed/UnityEngine.TLSModule.dll
663946cb44b3d67f583d21158996ac7404047fffcfed38197606e2a0d474dea4	10200	file	worktree/.omo/evidence/unity-poc-core-loop/task-17-final/player/JanseonSeoul.app/Contents/Resources/Data/Managed/UnityEngine.TLSModule.pdb
d3579b0d4d023810b43fd2690e4b3eea63120f41309dfb471f0089d7ff398c1b	125440	file	worktree/.omo/evidence/unity-poc-core-loop/task-17-final/player/JanseonSeoul.app/Contents/Resources/Data/Managed/UnityEngine.TerrainModule.dll
1d4bab65c71619547af66609387bed727fd19b4f7fbc55405b3fa2507296bb35	32372	file	worktree/.omo/evidence/unity-poc-core-loop/task-17-final/player/JanseonSeoul.app/Contents/Resources/Data/Managed/UnityEngine.TerrainModule.pdb
ba02d864aa1f91c12d089471ddd8b670f740c72c7f27ca7481fe6b84678839bf	18944	file	worktree/.omo/evidence/unity-poc-core-loop/task-17-final/player/JanseonSeoul.app/Contents/Resources/Data/Managed/UnityEngine.TerrainPhysicsModule.dll
266c988cbb34f26a94aeedea5ddf2712d7d0b56b6e34921476dcfc0dea02d550	11888	file	worktree/.omo/evidence/unity-poc-core-loop/task-17-final/player/JanseonSeoul.app/Contents/Resources/Data/Managed/UnityEngine.TerrainPhysicsModule.pdb
ca65ebe1fe3d196e9efab0b361fc6495a2f78a60c07a21d9db350150fa674304	16384	file	worktree/.omo/evidence/unity-poc-core-loop/task-17-final/player/JanseonSeoul.app/Contents/Resources/Data/Managed/UnityEngine.TetgenModule.dll
0d64684863053b4aa8d8eef2e4500fd6e1756ef1d004b490158ec7389a9067a3	10012	file	worktree/.omo/evidence/unity-poc-core-loop/task-17-final/player/JanseonSeoul.app/Contents/Resources/Data/Managed/UnityEngine.TetgenModule.pdb
79224c0a479efed2038c543cea8b7f5157d44e4ed572f549e436788c86716ea7	77824	file	worktree/.omo/evidence/unity-poc-core-loop/task-17-final/player/JanseonSeoul.app/Contents/Resources/Data/Managed/UnityEngine.TextCoreFontEngineModule.dll
2cce040b765c5d2cfef1ab04fea378bd01af30b72aabf341c341eb9f98c731e3	28524	file	worktree/.omo/evidence/unity-poc-core-loop/task-17-final/player/JanseonSeoul.app/Contents/Resources/Data/Managed/UnityEngine.TextCoreFontEngineModule.pdb
4192a29ef3e3cc7432d9b2b3512830bfffa79a6561c8b818d6e098f89059ac23	312832	file	worktree/.omo/evidence/unity-poc-core-loop/task-17-final/player/JanseonSeoul.app/Contents/Resources/Data/Managed/UnityEngine.TextCoreTextEngineModule.dll
b63b6018df163194f61768a1455fc5014615e4ec85409f4d63c1227413406d00	129456	file	worktree/.omo/evidence/unity-poc-core-loop/task-17-final/player/JanseonSeoul.app/Contents/Resources/Data/Managed/UnityEngine.TextCoreTextEngineModule.pdb
122a4c052e9af9ae3a0dc39897a05da524b158e1cd90b97020fbaba406dd6b86	30208	file	worktree/.omo/evidence/unity-poc-core-loop/task-17-final/player/JanseonSeoul.app/Contents/Resources/Data/Managed/UnityEngine.TextRenderingModule.dll
326aaf8799499a054272e6717359f7d06870d963e8287c80f50880d75f165124	16816	file	worktree/.omo/evidence/unity-poc-core-loop/task-17-final/player/JanseonSeoul.app/Contents/Resources/Data/Managed/UnityEngine.TextRenderingModule.pdb
b8694bcdd7d8c805ab16d9b79a0c356965dfacf60983a43d733e94975da4e6cb	68096	file	worktree/.omo/evidence/unity-poc-core-loop/task-17-final/player/JanseonSeoul.app/Contents/Resources/Data/Managed/UnityEngine.TilemapModule.dll
f1e7a236b6392d6185e01df4d8574b13b5f2a08044ba3feb7576950d4e2b974f	24708	file	worktree/.omo/evidence/unity-poc-core-loop/task-17-final/player/JanseonSeoul.app/Contents/Resources/Data/Managed/UnityEngine.TilemapModule.pdb
9ad14f96af680770f3e121e7cb0c1a786b91eff3afca578141b5402a91791fc5	156672	file	worktree/.omo/evidence/unity-poc-core-loop/task-17-final/player/JanseonSeoul.app/Contents/Resources/Data/Managed/UnityEngine.TimelineFoundationModule.dll
6d8e901e7efb43e07595d309c183cad761f210ea12d4a21b8f95653bd8ee80da	81200	file	worktree/.omo/evidence/unity-poc-core-loop/task-17-final/player/JanseonSeoul.app/Contents/Resources/Data/Managed/UnityEngine.TimelineFoundationModule.pdb
b33d7c45f3abb561d618975a94ef1eb48a21ee0771c9bf18f6aaad5c92147fa5	64000	file	worktree/.omo/evidence/unity-poc-core-loop/task-17-final/player/JanseonSeoul.app/Contents/Resources/Data/Managed/UnityEngine.U2DRuntimeModule.dll
ea57a8d1705e94fe3d5b397da8ffc32477de89582db94fe2095e974a23934361	33992	file	worktree/.omo/evidence/unity-poc-core-loop/task-17-final/player/JanseonSeoul.app/Contents/Resources/Data/Managed/UnityEngine.U2DRuntimeModule.pdb
f217dd876d1bbe1b24c38e36662684e6457e9fb61df458732549f545f0c2626a	281600	file	worktree/.omo/evidence/unity-poc-core-loop/task-17-final/player/JanseonSeoul.app/Contents/Resources/Data/Managed/UnityEngine.UI.dll
7af305bc4f65e52fd8ed8424c4dda68d53591d3ec9bc7389ea0b93fa1fd99528	144544	file	worktree/.omo/evidence/unity-poc-core-loop/task-17-final/player/JanseonSeoul.app/Contents/Resources/Data/Managed/UnityEngine.UI.pdb
5f128c1ce8569804f4d21b8c192d32a59d3800e03bceea80276d9bab4b04b11d	2688000	file	worktree/.omo/evidence/unity-poc-core-loop/task-17-final/player/JanseonSeoul.app/Contents/Resources/Data/Managed/UnityEngine.UIElementsModule.dll
96ed2fdc5eabfc111131b25ba51bcaf612fe1843a11cbc3d7ad377a899427ffe	1092708	file	worktree/.omo/evidence/unity-poc-core-loop/task-17-final/player/JanseonSeoul.app/Contents/Resources/Data/Managed/UnityEngine.UIElementsModule.pdb
da59387a2927c5827d905acda75443e8aa6de69dd9a8a33e3bf5c1b80008918c	48640	file	worktree/.omo/evidence/unity-poc-core-loop/task-17-final/player/JanseonSeoul.app/Contents/Resources/Data/Managed/UnityEngine.UIModule.dll
17c84af025d1e75b99568932599f1d099c3fb716ec8e02b9254ff8a5f8698093	17080	file	worktree/.omo/evidence/unity-poc-core-loop/task-17-final/player/JanseonSeoul.app/Contents/Resources/Data/Managed/UnityEngine.UIModule.pdb
70d0ba52c713e3c0365f139d0f4503a3a1824307597055cdb179addc269f07e8	16384	file	worktree/.omo/evidence/unity-poc-core-loop/task-17-final/player/JanseonSeoul.app/Contents/Resources/Data/Managed/UnityEngine.UmbraModule.dll
ad12401db9a88a352fc701a0ad4b5a23ffd4301789ea3fa7ea2dbeac87283951	10012	file	worktree/.omo/evidence/unity-poc-core-loop/task-17-final/player/JanseonSeoul.app/Contents/Resources/Data/Managed/UnityEngine.UmbraModule.pdb
66cd5b3fc9ddf7cfc031b09b1128eed4b0c11deb7574272520acae7fe3c2be17	36352	file	worktree/.omo/evidence/unity-poc-core-loop/task-17-final/player/JanseonSeoul.app/Contents/Resources/Data/Managed/UnityEngine.UnityAnalyticsCommonModule.dll
8876740c105c19b37c3cb1f54ef28f9b55ea2685d0037c9b48a47e5ce45f5ae2	18736	file	worktree/.omo/evidence/unity-poc-core-loop/task-17-final/player/JanseonSeoul.app/Contents/Resources/Data/Managed/UnityEngine.UnityAnalyticsCommonModule.pdb
e9a860d78065c7afbae1c1bde972752722344576582a386753dae04c7e975d6b	52224	file	worktree/.omo/evidence/unity-poc-core-loop/task-17-final/player/JanseonSeoul.app/Contents/Resources/Data/Managed/UnityEngine.UnityAnalyticsModule.dll
a6a21f5abe0b4a914b3f37a306b6b9cf5f76194f3ea073790d0a3545b14fb417	18548	file	worktree/.omo/evidence/unity-poc-core-loop/task-17-final/player/JanseonSeoul.app/Contents/Resources/Data/Managed/UnityEngine.UnityAnalyticsModule.pdb
41319dee3035c136c6d776b19c68d27dbe323bb74aa6f10522c518f8e385840a	20992	file	worktree/.omo/evidence/unity-poc-core-loop/task-17-final/player/JanseonSeoul.app/Contents/Resources/Data/Managed/UnityEngine.UnityConnectModule.dll
4b36e9a4bb5cee47a6b2e3a66cbf0674e7dace202f5f7b6e000bdcacc3d395c6	11996	file	worktree/.omo/evidence/unity-poc-core-loop/task-17-final/player/JanseonSeoul.app/Contents/Resources/Data/Managed/UnityEngine.UnityConnectModule.pdb
f53b54a66de5a48eccf8a7045732c8fffc4795d2393ca0143d893fcbf0e63b98	6656	file	worktree/.omo/evidence/unity-poc-core-loop/task-17-final/player/JanseonSeoul.app/Contents/Resources/Data/Managed/UnityEngine.UnityConsentModule.dll
7f921bd2680f42c2c3c4f2836f90a45634bc1009ffea2a8279881e47af49078b	11488	file	worktree/.omo/evidence/unity-poc-core-loop/task-17-final/player/JanseonSeoul.app/Contents/Resources/Data/Managed/UnityEngine.UnityConsentModule.pdb
68bcd0bb4eb59db7ccbb096b8a642884373f743f0459b96b2ccde35da0141365	18432	file	worktree/.omo/evidence/unity-poc-core-loop/task-17-final/player/JanseonSeoul.app/Contents/Resources/Data/Managed/UnityEngine.UnityCurlModule.dll
fbc0bc397f39b076ea5896b56d66207891a7682b34388811a85bff4b68628cfb	10420	file	worktree/.omo/evidence/unity-poc-core-loop/task-17-final/player/JanseonSeoul.app/Contents/Resources/Data/Managed/UnityEngine.UnityCurlModule.pdb
e691f6a81fb75fafbdd078e8991768b40280176d2bba83228fa90ab7c0096e2e	20992	file	worktree/.omo/evidence/unity-poc-core-loop/task-17-final/player/JanseonSeoul.app/Contents/Resources/Data/Managed/UnityEngine.UnityWebRequestAssetBundleModule.dll
cb85bc60f78f60fae88b991530de1b760a747ef5787ef45699fc1abedb813a04	11328	file	worktree/.omo/evidence/unity-poc-core-loop/task-17-final/player/JanseonSeoul.app/Contents/Resources/Data/Managed/UnityEngine.UnityWebRequestAssetBundleModule.pdb
0dd5805a37da1f00efefec353c788021665d4bfa59c6dd8e9b7633beec660e58	19968	file	worktree/.omo/evidence/unity-poc-core-loop/task-17-final/player/JanseonSeoul.app/Contents/Resources/Data/Managed/UnityEngine.UnityWebRequestAudioModule.dll
6101a621807bace83573c408f311842107f820181ac555a79c33733c2a48a8e0	11128	file	worktree/.omo/evidence/unity-poc-core-loop/task-17-final/player/JanseonSeoul.app/Contents/Resources/Data/Managed/UnityEngine.UnityWebRequestAudioModule.pdb
eeab6e1ad4e3a67d8af36a540c991981c8e14476221a9c0b431f817f4ce23776	70656	file	worktree/.omo/evidence/unity-poc-core-loop/task-17-final/player/JanseonSeoul.app/Contents/Resources/Data/Managed/UnityEngine.UnityWebRequestModule.dll
df92050d8629dcf8477930eeb4e1ce39e9c0113aa29161a705188d0d36a2b0b4	27656	file	worktree/.omo/evidence/unity-poc-core-loop/task-17-final/player/JanseonSeoul.app/Contents/Resources/Data/Managed/UnityEngine.UnityWebRequestModule.pdb
f4804de202dae99b4cf988fef67bafc20ec948d8a0d8d10861a3d7cbceaa3f11	19456	file	worktree/.omo/evidence/unity-poc-core-loop/task-17-final/player/JanseonSeoul.app/Contents/Resources/Data/Managed/UnityEngine.UnityWebRequestTextureModule.dll
eac1d7d28aa2c7ac93b2cd6b18389058e1d86cd457a05a0cfb56f8749c13b909	11384	file	worktree/.omo/evidence/unity-poc-core-loop/task-17-final/player/JanseonSeoul.app/Contents/Resources/Data/Managed/UnityEngine.UnityWebRequestTextureModule.pdb
b18dd2a03409de731892013930bd378a64149e61b1a70b12fb2442df7e512b97	25088	file	worktree/.omo/evidence/unity-poc-core-loop/task-17-final/player/JanseonSeoul.app/Contents/Resources/Data/Managed/UnityEngine.UnityWebRequestWWWModule.dll
21c2ef806cb3204c480e91bff5a359d3204eb1daaec1796fde654718c77f4b7e	12964	file	worktree/.omo/evidence/unity-poc-core-loop/task-17-final/player/JanseonSeoul.app/Contents/Resources/Data/Managed/UnityEngine.UnityWebRequestWWWModule.pdb
7def1e471866c7143c64127c9ca65ca12910ec477bd467ae62c195b142fb970d	74240	file	worktree/.omo/evidence/unity-poc-core-loop/task-17-final/player/JanseonSeoul.app/Contents/Resources/Data/Managed/UnityEngine.VFXModule.dll
8855e62b12a2bf194016272c3c2e9825587163bc241265b8068c5a4fac4e06f6	20224	file	worktree/.omo/evidence/unity-poc-core-loop/task-17-final/player/JanseonSeoul.app/Contents/Resources/Data/Managed/UnityEngine.VFXModule.pdb
faa8f51b03875442721f2477aee6572508daae096a26b62a3306fdd23d371327	218624	file	worktree/.omo/evidence/unity-poc-core-loop/task-17-final/player/JanseonSeoul.app/Contents/Resources/Data/Managed/UnityEngine.VectorGraphicsModule.dll
5c0e456b7cf555a3df50f3d0a670e4a95c824fdeeede5aebc1e07cf816a100a5	103784	file	worktree/.omo/evidence/unity-poc-core-loop/task-17-final/player/JanseonSeoul.app/Contents/Resources/Data/Managed/UnityEngine.VectorGraphicsModule.pdb
4520e02efe256b1151fd9798c3efde29819a9068ff7aa468f6ecfdb5448ce943	24576	file	worktree/.omo/evidence/unity-poc-core-loop/task-17-final/player/JanseonSeoul.app/Contents/Resources/Data/Managed/UnityEngine.VehiclesModule.dll
09a26699b9def88a0ccf5ccb40e0a52dba3b430a123eb2bdb4566e8348e31b2b	12492	file	worktree/.omo/evidence/unity-poc-core-loop/task-17-final/player/JanseonSeoul.app/Contents/Resources/Data/Managed/UnityEngine.VehiclesModule.pdb
8776e30bf4a9f227ee52004804206b7d9bc5a5875b85b49cf9bfaec9582509cd	39424	file	worktree/.omo/evidence/unity-poc-core-loop/task-17-final/player/JanseonSeoul.app/Contents/Resources/Data/Managed/UnityEngine.VideoModule.dll
f889361896afbb7d4f97bc80506cf37243cc9e59aebc7a546031bfed96fc0687	15700	file	worktree/.omo/evidence/unity-poc-core-loop/task-17-final/player/JanseonSeoul.app/Contents/Resources/Data/Managed/UnityEngine.VideoModule.pdb
2b7e1e49baf7cbdc9b45687868347420b89e47f8d0f2a6647d25f30c802dd923	34304	file	worktree/.omo/evidence/unity-poc-core-loop/task-17-final/player/JanseonSeoul.app/Contents/Resources/Data/Managed/UnityEngine.VirtualTexturingModule.dll
6d9607173208efc6649a93feeb6658bb9a122c969a5bfd6ecf0603b7b1ee62e7	13144	file	worktree/.omo/evidence/unity-poc-core-loop/task-17-final/player/JanseonSeoul.app/Contents/Resources/Data/Managed/UnityEngine.VirtualTexturingModule.pdb
f1e6f4e8c3998dd3876b3a43a497e528df712554954293bdc7a36691c9832ba4	19968	file	worktree/.omo/evidence/unity-poc-core-loop/task-17-final/player/JanseonSeoul.app/Contents/Resources/Data/Managed/UnityEngine.WindModule.dll
f4f029e6f0d4d66bf0f1858d63003b5cf0820c643c467ebf22b482f67fbef45c	11628	file	worktree/.omo/evidence/unity-poc-core-loop/task-17-final/player/JanseonSeoul.app/Contents/Resources/Data/Managed/UnityEngine.WindModule.pdb
d3a241ed5f1613606057923f5fea72681f7699285b6ac4620e17868957e7100c	88064	file	worktree/.omo/evidence/unity-poc-core-loop/task-17-final/player/JanseonSeoul.app/Contents/Resources/Data/Managed/UnityEngine.XRModule.dll
1de7e53b6e3956e1fe6a4cdef0138d0dee31428a1ae0a558bf51f87dacd9d6c8	26048	file	worktree/.omo/evidence/unity-poc-core-loop/task-17-final/player/JanseonSeoul.app/Contents/Resources/Data/Managed/UnityEngine.XRModule.pdb
50e8c6910d59cd377288dd089b097fa8c0243613fce97a564f1100b23495fde6	222208	file	worktree/.omo/evidence/unity-poc-core-loop/task-17-final/player/JanseonSeoul.app/Contents/Resources/Data/Managed/UnityEngine.dll
26d1d86dfe5fe4605665f05a89a36af7077819ea0734f6efd93f9b67dc7063c6	13340	file	worktree/.omo/evidence/unity-poc-core-loop/task-17-final/player/JanseonSeoul.app/Contents/Resources/Data/Managed/UnityEngine.pdb
c77e76c6d63e663054b0605d3d8e34c69f2749de42108e7de5fab820cf6c25b9	83968	file	worktree/.omo/evidence/unity-poc-core-loop/task-17-final/player/JanseonSeoul.app/Contents/Resources/Data/Managed/VContainer.dll
b83ccd54e0409b2396f2f89da41ad6c2f4905ac0a54de1828bcd5c5e5711268a	54860	file	worktree/.omo/evidence/unity-poc-core-loop/task-17-final/player/JanseonSeoul.app/Contents/Resources/Data/Managed/VContainer.pdb
019893d1766fdc6362d56c7cb5d7a2f474d47182efacbe7e2fc061ea52e80995	4625408	file	worktree/.omo/evidence/unity-poc-core-loop/task-17-final/player/JanseonSeoul.app/Contents/Resources/Data/Managed/mscorlib.dll
bf0b7eac9010b75413e4ec1a07a3453bc6a68eeb8e916fbed7c1f2777841f7c7	90624	file	worktree/.omo/evidence/unity-poc-core-loop/task-17-final/player/JanseonSeoul.app/Contents/Resources/Data/Managed/netstandard.dll
b7de55e666efaa2fdc69fa5a4bd405e5adcf1a029ba8f46ff3e454f12541a04a	570160	file	worktree/.omo/evidence/unity-poc-core-loop/task-17-final/player/JanseonSeoul.app/Contents/Resources/Data/Resources/unity default resources
cb4d257dc925abf08681ccccad5cc42d861ba6cc54f00626625579122f4591f8	1619960	file	worktree/.omo/evidence/unity-poc-core-loop/task-17-final/player/JanseonSeoul.app/Contents/Resources/Data/Resources/unity_builtin_extra
83d44a59bfd08120fabdd9731919fdbf6e2926946b6d424f1f60de256659fd74	3084	file	worktree/.omo/evidence/unity-poc-core-loop/task-17-final/player/JanseonSeoul.app/Contents/Resources/Data/RuntimeInitializeOnLoads.json
369feab5da1d99cd1ebc5a29e7980593ec8fb01f45dd902cb4960ffb4f702c2e	4428	file	worktree/.omo/evidence/unity-poc-core-loop/task-17-final/player/JanseonSeoul.app/Contents/Resources/Data/ScriptingAssemblies.json
6839ecf2ea3bbc6785d1b11a51489e4d3f03f188637ce9822a02fa216763f0e2	29	file	worktree/.omo/evidence/unity-poc-core-loop/task-17-final/player/JanseonSeoul.app/Contents/Resources/Data/app.info
2a9081d946748020b42f6959c18778f930f0706d83587c4cf93cc600f1142ef6	416	file	worktree/.omo/evidence/unity-poc-core-loop/task-17-final/player/JanseonSeoul.app/Contents/Resources/Data/boot.config
de669a2aba19fe773e224ad178c9e0ea26e722259c5bd444697a34be4c9fb2b7	87588	file	worktree/.omo/evidence/unity-poc-core-loop/task-17-final/player/JanseonSeoul.app/Contents/Resources/Data/globalgamemanagers
1c619b6827c0320b14aab360f1d0001dfbbb9eca17a92c76696fe5f30a11b173	221104	file	worktree/.omo/evidence/unity-poc-core-loop/task-17-final/player/JanseonSeoul.app/Contents/Resources/Data/globalgamemanagers.assets
39dd38fcd8dd95d41d6d55fe16a448d29fe2c31d9a162c825c24c6d99a893d7a	2796240	file	worktree/.omo/evidence/unity-poc-core-loop/task-17-final/player/JanseonSeoul.app/Contents/Resources/Data/globalgamemanagers.assets.resS
faa30d94ba8175c2725d686f5b773936e34c67b59165d2431defca0ec299100b	1164	file	worktree/.omo/evidence/unity-poc-core-loop/task-17-final/player/JanseonSeoul.app/Contents/Resources/Data/level0
fe84ebf397b7a15b4dc53556edea890a7f13471c3803e22938a777f49943b156	1536	file	worktree/.omo/evidence/unity-poc-core-loop/task-17-final/player/JanseonSeoul.app/Contents/Resources/Data/level1
c08a622d07328f525a949d88c7b64a7b31ccbdefcf569114e33adbb9604561b4	2520	file	worktree/.omo/evidence/unity-poc-core-loop/task-17-final/player/JanseonSeoul.app/Contents/Resources/Data/level2
4efff8c58bf74324e66334364775d8e9379b8a39c3f83700ce4575ec9c676c71	3564	file	worktree/.omo/evidence/unity-poc-core-loop/task-17-final/player/JanseonSeoul.app/Contents/Resources/Data/resources.assets
b8f0ce41950a7cfecf1bc73f218f9838aed8dc479c240703be289d4ea0e28882	9008	file	worktree/.omo/evidence/unity-poc-core-loop/task-17-final/player/JanseonSeoul.app/Contents/Resources/Data/sharedassets0.assets
cf6e38a0de541c99451ad50a963447203651aaa30fa33fd5cc99a6ca12e0c968	524288	file	worktree/.omo/evidence/unity-poc-core-loop/task-17-final/player/JanseonSeoul.app/Contents/Resources/Data/sharedassets0.assets.resS
482f07f01bcdb146e15eb4548876a02636b2ed60ce11bd658677e1a0228c1ea8	708	file	worktree/.omo/evidence/unity-poc-core-loop/task-17-final/player/JanseonSeoul.app/Contents/Resources/Data/sharedassets1.assets
6aab51b33e0b18a0ca0cdc7cf514792a146ff4e4239281fad5404b59a7b51005	429	file	worktree/.omo/evidence/unity-poc-core-loop/task-17-final/player/JanseonSeoul.app/Contents/Resources/Data/sharedassets2.assets
5bda0e246a5618951ae91bb7ee342dd2b4a6e8918e3976644313c16aa483d262	254	file	worktree/.omo/evidence/unity-poc-core-loop/task-17-final/player/JanseonSeoul.app/Contents/Resources/DefaultPreferences.plist
57188221ba9dc889be4c9e03f0c867bce820726491e32a2fa4928681f006f308	5071	file	worktree/.omo/evidence/unity-poc-core-loop/task-17-final/player/JanseonSeoul.app/Contents/Resources/MainMenu.nib/designable.nib
1fae5b7c6ee9b17a767b1636867a41b3e44eaf8f654b1c5e2cafa3261463104d	4792	file	worktree/.omo/evidence/unity-poc-core-loop/task-17-final/player/JanseonSeoul.app/Contents/Resources/MainMenu.nib/keyedobjects.nib
0a513a93916b158eaa3af7311e84eac43604ac52a6530afb33184a77805c0970	81	file	worktree/.omo/evidence/unity-poc-core-loop/task-17-final/player/JanseonSeoul.app/Contents/Resources/PrivacyInfo.xcprivacy
f301787c500d274adcdc51cbd31eb905d907514bd4d8edc06c618d4f7db63d88	86829	file	worktree/.omo/evidence/unity-poc-core-loop/task-17-final/player/JanseonSeoul.app/Contents/_CodeSignature/CodeResources
05750fe7dfb53f86affe461420d199635023c9661e1299bc056cb663a936d60a	114443	file	worktree/.omo/evidence/unity-poc-core-loop/task-17-final/player/JanseonSeoul_BackUpThisFolder_ButDontShipItWithYourGame/lib_burst_generated/lib_burst_generated.txt
92443700e45c5b808b7e46c47b998a313f4e5a02b4c1b552b444a5894753ffb5	937	file	worktree/.omo/evidence/unity-poc-core-loop/task-5-core/manual-qa/manual-qa-result.txt
2087cb1457b22577a706b310ceb9a63b0ca2c786adc9f84a8e8d83c5f9e5b36b	549	file	worktree/.omo/evidence/unity-poc-core-loop/task-6-route/manual-qa/manual-qa-result.txt
f639c4b9c10016d97233c7094b2306d46f50d3bcba27a97be4ab5a382990d2b1	1057	file	worktree/.omo/evidence/unity-poc-core-loop/task-7-campaign-loop/manual-qa/manual-qa-result.txt
d64a41da180d079fb0192ad67927a49dd9d81fc7d9ee2be7db1bc6b43d9beedf	66090	file	worktree/.omo/plans/seoul-grand-strategy-srpg.md
9617627e2521aa030e2c43f1ae1632a915490e876bb3962ae7fac2d26c1ceb5a	35642	file	worktree/.omo/research-private/avatar-style-comparison.md
2dcfadf8530aec78d3fd1f7d0010ddcd2a7c9279b918f4323a3436d958d4e121	12731	file	worktree/.omo/research-private/build-viewer.mjs
64fea9d17f638f75e4e116613104ecb6e950ba7d59bc012d430230aa9ea58cc1	11414	file	worktree/.omo/research-private/makcha-asset-reuse.md
b88bde991b615558b2b513858be11df5d363c12370a967236f53340fc8faa885	856	file	worktree/.omo/research-private/nippon-sangoku-canon-bridge.md
39819489a7e4dee44b4dc73d32c9a668d7c7fc9f7e73bb1e9ef8f55ed5ac9ed7	4328	file	worktree/.omo/research-private/pilgrimage-code-analysis.md
d3c142f1ea20cd999abdbdd03e6e1ab612992a8d11f4d58b595806ebaf9b82fb	52312	file	worktree/.omo/research-private/reference-games-viewer.html
8141d70297d2a0c2712038156818ead0a853544b5d18f5ea40c286e275a44c3a	37740	file	worktree/.omo/research-private/reference-games.md
07ddb8679086b0e45aa95b58e0d2d9f667c381e7977dca0154a13cdd966dd054	1160	file	worktree/.omo/research/README.md
e0c23443a2d423673a6031e716da5af22cb1719e1f39c3c31af82c51e559775a	34215	file	worktree/.omo/research/ck3-ui-reference.md
67098ccf204eedef116bd53ff59c8b2ea707001d9e6c2e3517866569f8058d09	333395	file	worktree/.omo/research/reference-source-index.json
443064a9c0bcedae36e8fc538cf9e8d37698845142740720cc7168863636e14e	2239	file	worktree/docs/verification/ulw-execute/rtfc/phase-c/integration/README.md
9a271f2a916b0b6ee6cecb2426f0b3206ef074578be55d9bc94f6f3fe3ab86aa	2	file	worktree/docs/verification/ulw-execute/rtfc/phase-c/integration/architecture.exit
84d741474152cde7e272f5ad16393180550d907745be6644a2e3070249ec4288	75	file	worktree/docs/verification/ulw-execute/rtfc/phase-c/integration/architecture.log
ba9e635f7194fdd31cfd60b0c51e29cbcc30979888a69666cb08669b68d22032	239	file	worktree/docs/verification/ulw-execute/rtfc/phase-c/integration/base-head.txt
9a271f2a916b0b6ee6cecb2426f0b3206ef074578be55d9bc94f6f3fe3ab86aa	2	file	worktree/docs/verification/ulw-execute/rtfc/phase-c/integration/build.exit
4832e9398dc7d6e106dec1f94e1d738cb8931766a8e38888032a189c65d290cc	573391	file	worktree/docs/verification/ulw-execute/rtfc/phase-c/integration/build.log
9a271f2a916b0b6ee6cecb2426f0b3206ef074578be55d9bc94f6f3fe3ab86aa	2	file	worktree/docs/verification/ulw-execute/rtfc/phase-c/integration/capture-receipts.exit
7fcd06952a71af8957fa285dcc275174df659f90950440f55bef28c23b7051fa	3857	file	worktree/docs/verification/ulw-execute/rtfc/phase-c/integration/capture-receipts.xml
de0491e6e6422b8221e19cbf4252732df871a9cc7095cff262aaa477f4438d78	1840	file	worktree/docs/verification/ulw-execute/rtfc/phase-c/integration/conflict-resolution.txt
9a271f2a916b0b6ee6cecb2426f0b3206ef074578be55d9bc94f6f3fe3ab86aa	2	file	worktree/docs/verification/ulw-execute/rtfc/phase-c/integration/editmode-full.exit
330c47a4fcbda8cf8f1e14bdb68dedf7db642b6b762f637cec87408a0348c65c	115330	file	worktree/docs/verification/ulw-execute/rtfc/phase-c/integration/editmode-full.xml
9a271f2a916b0b6ee6cecb2426f0b3206ef074578be55d9bc94f6f3fe3ab86aa	2	file	worktree/docs/verification/ulw-execute/rtfc/phase-c/integration/editmode-regression.exit
f5f06d7c75fdba7cfe001689312f747e99fa67ed54e4bcf95920535cc9c1d110	6329	file	worktree/docs/verification/ulw-execute/rtfc/phase-c/integration/editmode-regression.xml
5eb1285c891bb576d6f62e9e524c60e6f73a186ab6f792761ac21dbae53d6c5c	75778	file	worktree/docs/verification/ulw-execute/rtfc/phase-c/integration/final-playmode-screen.png
9a271f2a916b0b6ee6cecb2426f0b3206ef074578be55d9bc94f6f3fe3ab86aa	2	file	worktree/docs/verification/ulw-execute/rtfc/phase-c/integration/integration-focused-green.exit
70d88cad56de2ce15b313271bc2a302af3e7f081c855cd4ff8b36cf5045b0ef2	52705	file	worktree/docs/verification/ulw-execute/rtfc/phase-c/integration/integration-focused-green.xml
9a271f2a916b0b6ee6cecb2426f0b3206ef074578be55d9bc94f6f3fe3ab86aa	2	file	worktree/docs/verification/ulw-execute/rtfc/phase-c/integration/lfs-hydration.exit
4109320ca1a0fa10ac145954eac2aa215e9c56bdea5cd46b3d41a6e129ddfd96	61	file	worktree/docs/verification/ulw-execute/rtfc/phase-c/integration/lfs-hydration.log
9a271f2a916b0b6ee6cecb2426f0b3206ef074578be55d9bc94f6f3fe3ab86aa	2	file	worktree/docs/verification/ulw-execute/rtfc/phase-c/integration/npm-tools.exit
3a129cc3105d535f93fb603d789897dc3ba70d4d6979192e1805ff6a916fb1f1	2687	file	worktree/docs/verification/ulw-execute/rtfc/phase-c/integration/npm-tools.log
dec4c7bccc4796fc0cdbf3143984676b53c982f212c7f25b9333060d702c683c	618	file	worktree/docs/verification/ulw-execute/rtfc/phase-c/integration/patina-audit.txt
9a271f2a916b0b6ee6cecb2426f0b3206ef074578be55d9bc94f6f3fe3ab86aa	2	file	worktree/docs/verification/ulw-execute/rtfc/phase-c/integration/playmode-roundtrip.exit
e9663f1fcf05c4d1a740750f2f3834f7c1824cfab3cbfd821d70d870b21dd6e1	4123	file	worktree/docs/verification/ulw-execute/rtfc/phase-c/integration/playmode-roundtrip.xml
9a271f2a916b0b6ee6cecb2426f0b3206ef074578be55d9bc94f6f3fe3ab86aa	2	file	worktree/docs/verification/ulw-execute/rtfc/phase-c/integration/playmode-screen.exit
117ec3ade463552d143796ba4fb9533a0304c7777a75d0a51bacaccb7c70ab2f	4174	file	worktree/docs/verification/ulw-execute/rtfc/phase-c/integration/playmode-screen.xml
7e1b4f1e203cd238c7fbdbccec9d85179e5e4df5a4b186323619a7f5968a6263	15176	file	worktree/docs/verification/ulw-execute/rtfc/phase-c/integration/provenance-current.json
9a271f2a916b0b6ee6cecb2426f0b3206ef074578be55d9bc94f6f3fe3ab86aa	2	file	worktree/docs/verification/ulw-execute/rtfc/phase-c/integration/sixth-card-green.exit
7816c5f48aad8e9ce09ba1c941bde92de2abdd1d4cebe0e2b530cce521bad4be	19347	file	worktree/docs/verification/ulw-execute/rtfc/phase-c/integration/sixth-card-green.xml
53c234e5e8472b6ac51c1ae1cab3fe06fad053beb8ebfd8977b010655bfdd3c3	2	file	worktree/docs/verification/ulw-execute/rtfc/phase-c/integration/sixth-card-red.exit
5bf5fc1dd16c87e17ff536f30f34794c408a200681d2eac91f2f190a9396b0b6	590	file	worktree/docs/verification/ulw-execute/rtfc/phase-c/integration/sixth-card-red.txt
404f29b3288e9e015081e95cd243fa7604869a2672b1e12a23c3d1fbe7c7f2a8	21985	file	worktree/docs/verification/ulw-execute/rtfc/phase-c/integration/sixth-card-red.xml
9a271f2a916b0b6ee6cecb2426f0b3206ef074578be55d9bc94f6f3fe3ab86aa	2	file	worktree/docs/verification/ulw-execute/rtfc/phase-c/integration/ugui-capture.exit
e1117c3cb63de2be45ff3288e3d9296b770ed4a20666d11bda646c7cfb17cd37	3940	file	worktree/docs/verification/ulw-execute/rtfc/phase-c/integration/ugui-capture.xml
f3a827ca93d2ff2677fce4b9c9e8ef8e2d846ad86df23ab74b2a1f7fcdf0eda3	958	file	worktree/docs/verification/ulw-execute/rtfc/phase-c/integration/verification.txt
9a271f2a916b0b6ee6cecb2426f0b3206ef074578be55d9bc94f6f3fe3ab86aa	2	file	tmp/rtfc-phase-c-final-571f25f/roundtrip.exit
443598ce6464bebdf51475fe3a4af92669423d9d171b552d2e44ef1babc7a0d8	81819	file	tmp/rtfc-phase-c-final-571f25f/roundtrip.log
2c929454e7bf5221e5a523577f6738c0764e08cb6cadcd39f0ca405d0c35d8cb	4123	file	tmp/rtfc-phase-c-final-571f25f/roundtrip.xml
