bounded-omo-evidence	ef4262a3fbdc0c1f41f4cb12f19a55b91545ac630f3dffc34f4845e493eace05	st_01a086c7-20260909T153041964Z/task-01/d1-lifecycle-d3d11-monitor-01/command.json
bounded-omo-evidence	6f2d9dbcd143711c38968ab43604487f0827747fc14a7568054febed3f4d2005	st_01a086c7-20260909T153041964Z/task-01/d1-lifecycle-d3d11-monitor-01/evidence-hashes.json
bounded-omo-evidence	354a5ca48b64ced3fa49ab45ec6ea44d5a123285bafc69e21072cc08b8b95d2d	st_01a086c7-20260909T153041964Z/task-01/d1-lifecycle-d3d11-monitor-01/expected-tests.json
bounded-omo-evidence	1a1c2a1873fe7fcc2814acfcd86ea69dc124508cf91a4be39b7cc473a6329963	st_01a086c7-20260909T153041964Z/task-01/d1-lifecycle-d3d11-monitor-01/launch.json
bounded-omo-evidence	82ccf8dcc3c2d94b1ef6758143ceeef8ab1c876710b54db566b7bc764dd856e1	st_01a086c7-20260909T153041964Z/task-01/d1-lifecycle-d3d11-monitor-01/processes-after.json
bounded-omo-evidence	b423bb45501e0fa49d3b77e635f800a29f1fdcf5a58e00c7e04a7ff7833045f2	st_01a086c7-20260909T153041964Z/task-01/d1-lifecycle-d3d11-monitor-01/processes-before.json
bounded-omo-evidence	b423bb45501e0fa49d3b77e635f800a29f1fdcf5a58e00c7e04a7ff7833045f2	st_01a086c7-20260909T153041964Z/task-01/d1-lifecycle-d3d11-monitor-01/processes-immediately-before-launch.json
bounded-omo-evidence	3e797eeff0e9275fbb82fe7e570811bd2121889e8ae87771db37a3963b1bab05	st_01a086c7-20260909T153041964Z/task-01/d1-lifecycle-d3d11-monitor-01/result.json
bounded-omo-evidence	e55555bf13d176b17d85442c1d0ce2e901f0e667df64adfd79a1ad7d45d9c219	st_01a086c7-20260909T153041964Z/task-01/d1-lifecycle-d3d11-monitor-01/source-after.json
bounded-omo-evidence	b6023cc9a6e234c84f47d1c508ef95ea709ae01ad094804e5163f1635fce32e3	st_01a086c7-20260909T153041964Z/task-01/d1-lifecycle-d3d11-monitor-01/source-before.json
bounded-omo-evidence	b423bb45501e0fa49d3b77e635f800a29f1fdcf5a58e00c7e04a7ff7833045f2	st_01a086c7-20260909T153041964Z/task-01/d1-lifecycle-d3d11-monitor-01/source-mutations.json
bounded-omo-evidence	90dc9af9003305aaa9cb1ea6321f4a48f02f7c37610b82fffd4d38cdecf5e60d	st_01a086c7-20260909T153041964Z/task-01/d1-lifecycle-d3d11-monitor-01/tests.xml
bounded-omo-evidence	6ca2ef5b7774f98b0b91e6a214f80e4939162b8e53262cad55a737c749a443e9	st_01a086c7-20260909T153041964Z/task-01/d1-lifecycle-d3d11-monitor-01/unity.log
bounded-omo-evidence	8cb48e2abffdc030753c7d293ac3a3712c396f3dc1a74313a84d908a30218581	st_01a086c7-20260909T153041964Z/task-01/d1-lifecycle-d3d11-monitor-01/xml-summary.json
bounded-omo-evidence	cc5bc6ded7675decd90fb2b1fce235824626ac409285ad578c4ecd616f2fa75c	st_01a086c7-20260909T153041964Z/task-01/d1-lifecycle-monitor-01/command.json
bounded-omo-evidence	f065701c4ffa84c6da15914558fe5a4b149d7614b1a42ddb2f7f73b0c6692a4e	st_01a086c7-20260909T153041964Z/task-01/d1-lifecycle-monitor-01/evidence-hashes.json
bounded-omo-evidence	354a5ca48b64ced3fa49ab45ec6ea44d5a123285bafc69e21072cc08b8b95d2d	st_01a086c7-20260909T153041964Z/task-01/d1-lifecycle-monitor-01/expected-tests.json
bounded-omo-evidence	d994346e0ded34eb1ddcda5f6d032fa9cff469f47378d3af8a27a9cf51c0fe46	st_01a086c7-20260909T153041964Z/task-01/d1-lifecycle-monitor-01/launch.json
bounded-omo-evidence	93fa42ee8c49fc096bbd16f545c1360612c08a02fd2a4c589779b1956f14932e	st_01a086c7-20260909T153041964Z/task-01/d1-lifecycle-monitor-01/processes-after.json
bounded-omo-evidence	b423bb45501e0fa49d3b77e635f800a29f1fdcf5a58e00c7e04a7ff7833045f2	st_01a086c7-20260909T153041964Z/task-01/d1-lifecycle-monitor-01/processes-before.json
bounded-omo-evidence	b423bb45501e0fa49d3b77e635f800a29f1fdcf5a58e00c7e04a7ff7833045f2	st_01a086c7-20260909T153041964Z/task-01/d1-lifecycle-monitor-01/processes-immediately-before-launch.json
bounded-omo-evidence	ee1d9d6db902629fc1472bd8c9efd38a00c12a57427c4faf2ad616d00cc2aaff	st_01a086c7-20260909T153041964Z/task-01/d1-lifecycle-monitor-01/result.json
bounded-omo-evidence	771da3829ed68cdfabf9d8e3c064fa01d077194a6d016f7520017e128822d82e	st_01a086c7-20260909T153041964Z/task-01/d1-lifecycle-monitor-01/source-after.json
bounded-omo-evidence	0f13069dd9ce7a8378f425b43aecde2d85865ce241172b36daf1126a7e5c4ed2	st_01a086c7-20260909T153041964Z/task-01/d1-lifecycle-monitor-01/source-before.json
bounded-omo-evidence	e3519531a1ef070a2b70b47d907d2dfc1decd2d96378b90d58ab92f9ee23abe9	st_01a086c7-20260909T153041964Z/task-01/d1-lifecycle-monitor-01/source-mutations.json
bounded-omo-evidence	9b333a133080f896e9f7c06991bb473633b14ee96516b8ba5d445f094429e989	st_01a086c7-20260909T153041964Z/task-01/d1-lifecycle-monitor-01/unity.log
bounded-omo-evidence	dca3c4dcfcd3c69e7d9cafd8e0036f854674fc7de994221735b6852c2a9defcf	st_01a086c7-20260909T153041964Z/task-01/d2-ui-monitor-01/command.json
bounded-omo-evidence	734c7c36392512952a256767fe2addf779715899b2adcdffb841a1538bda2736	st_01a086c7-20260909T153041964Z/task-01/d2-ui-monitor-01/evidence-hashes.json
bounded-omo-evidence	6c55209ffc63b546fef1a05c368ef801cb901a015437632f72090bcf4d51bb1b	st_01a086c7-20260909T153041964Z/task-01/d2-ui-monitor-01/expected-tests.json
bounded-omo-evidence	ca72f85e704e0e56510679dfe1950cd3d596f7b388be6cda4d24f044c9ab02f2	st_01a086c7-20260909T153041964Z/task-01/d2-ui-monitor-01/launch.json
bounded-omo-evidence	b423bb45501e0fa49d3b77e635f800a29f1fdcf5a58e00c7e04a7ff7833045f2	st_01a086c7-20260909T153041964Z/task-01/d2-ui-monitor-01/processes-after.json
bounded-omo-evidence	b423bb45501e0fa49d3b77e635f800a29f1fdcf5a58e00c7e04a7ff7833045f2	st_01a086c7-20260909T153041964Z/task-01/d2-ui-monitor-01/processes-before.json
bounded-omo-evidence	b423bb45501e0fa49d3b77e635f800a29f1fdcf5a58e00c7e04a7ff7833045f2	st_01a086c7-20260909T153041964Z/task-01/d2-ui-monitor-01/processes-immediately-before-launch.json
bounded-omo-evidence	0d66be69b3915efcf0c9ce45833d6c321cfcaa1034a651e2cda18d58c3dcdea4	st_01a086c7-20260909T153041964Z/task-01/d2-ui-monitor-01/result.json
bounded-omo-evidence	920e68d6b66924ba45fbde513a973dd26d491f8d4bf5fe1e95043e28e6029273	st_01a086c7-20260909T153041964Z/task-01/d2-ui-monitor-01/source-after.json
bounded-omo-evidence	aa0137f74fea4a77031a15dbfa5b9caed80cc557057ba49c220f21339fb5921f	st_01a086c7-20260909T153041964Z/task-01/d2-ui-monitor-01/source-before.json
bounded-omo-evidence	b423bb45501e0fa49d3b77e635f800a29f1fdcf5a58e00c7e04a7ff7833045f2	st_01a086c7-20260909T153041964Z/task-01/d2-ui-monitor-01/source-mutations.json
bounded-omo-evidence	a3d22768d8339ec41c19a9eb981b43c77bce4b64e47eba2bb13dd591a7c17555	st_01a086c7-20260909T153041964Z/task-01/d2-ui-monitor-01/tests.xml
bounded-omo-evidence	78ebc05647d8ee62cebe299a775cf6fcd4037927eb1c21ddc8822f74219db0e3	st_01a086c7-20260909T153041964Z/task-01/d2-ui-monitor-01/unity.log
bounded-omo-evidence	b04654ebf12545cc1eff3ba909e2d3c471b16aef4fea9c12e835a26c9feee7a4	st_01a086c7-20260909T153041964Z/task-01/d2-ui-monitor-01/xml-summary.json
bounded-omo-evidence	85eff473b4174227bbe63fb31fa80a72d68980043301919a602c0025511d78fb	st_01a086c7-20260909T153041964Z/task-01/editmode-monitor-01/command.json
bounded-omo-evidence	bc44efedca1bb3b793822ec2612c4d82050bd6d5344665cb38da9accb4a18505	st_01a086c7-20260909T153041964Z/task-01/editmode-monitor-01/evidence-hashes.json
bounded-omo-evidence	ed0d3069249b9ca7e57ff8d8837d7558f5049b204571da82d2166f234bab79de	st_01a086c7-20260909T153041964Z/task-01/editmode-monitor-01/expected-tests.json
bounded-omo-evidence	4f5e57723b3ce4f3bc731731465239e8833106b0f8ce86e8ac2332ad1c1c7011	st_01a086c7-20260909T153041964Z/task-01/editmode-monitor-01/launch.json
bounded-omo-evidence	b423bb45501e0fa49d3b77e635f800a29f1fdcf5a58e00c7e04a7ff7833045f2	st_01a086c7-20260909T153041964Z/task-01/editmode-monitor-01/processes-after.json
bounded-omo-evidence	b423bb45501e0fa49d3b77e635f800a29f1fdcf5a58e00c7e04a7ff7833045f2	st_01a086c7-20260909T153041964Z/task-01/editmode-monitor-01/processes-before.json
bounded-omo-evidence	b423bb45501e0fa49d3b77e635f800a29f1fdcf5a58e00c7e04a7ff7833045f2	st_01a086c7-20260909T153041964Z/task-01/editmode-monitor-01/processes-immediately-before-launch.json
bounded-omo-evidence	cb0f112743c2308225bb65126c75530e6693298955df10a8e2aca645687670be	st_01a086c7-20260909T153041964Z/task-01/editmode-monitor-01/result.json
bounded-omo-evidence	bd5fa263b8fa65aa4fb9f44e69cdf7c863ca3140727cb85f48c7b8f96db0f63c	st_01a086c7-20260909T153041964Z/task-01/editmode-monitor-01/source-after.json
bounded-omo-evidence	a9a119b504b0729af8f4517f71770aac8bcf2ded9cc1f6adbeab6dae10fc974a	st_01a086c7-20260909T153041964Z/task-01/editmode-monitor-01/source-before.json
bounded-omo-evidence	b423bb45501e0fa49d3b77e635f800a29f1fdcf5a58e00c7e04a7ff7833045f2	st_01a086c7-20260909T153041964Z/task-01/editmode-monitor-01/source-mutations.json
bounded-omo-evidence	023b755f7e46634053dbc4bf6497e88cee057096675aff85f5f86bfa276b5e38	st_01a086c7-20260909T153041964Z/task-01/editmode-monitor-01/tests.xml
bounded-omo-evidence	8e9b2dbb6609e9bd5f4c0add53e00d95d63ee9b54936c886a6c599e35a4aa17c	st_01a086c7-20260909T153041964Z/task-01/editmode-monitor-01/unity.log
bounded-omo-evidence	42d9119b7d6fb74386402542754adcc8a28e96d13a2fdddf87a271b7f7bbdb1e	st_01a086c7-20260909T153041964Z/task-01/editmode-monitor-01/xml-summary.json
bounded-omo-evidence	e3b0c44298fc1c149afbf4c8996fb92427ae41e4649b934ca495991b7852b855	st_01a086c7-20260909T153041964Z/task-01/index.binary.patch
bounded-omo-evidence	e3b0c44298fc1c149afbf4c8996fb92427ae41e4649b934ca495991b7852b855	st_01a086c7-20260909T153041964Z/task-01/inventory/cached.numstat.txt
bounded-omo-evidence	9e4fcf1e0e66b86aad38074031acbe6589ed9404cfbb7101277ab73bd7e45406	st_01a086c7-20260909T153041964Z/task-01/inventory/changed.txt
bounded-omo-evidence	6733fc6edf7c4c79d437b92bfbbbcaa97058f6d018ce3f8d706b1d2e8a13f0cf	st_01a086c7-20260909T153041964Z/task-01/inventory/diff.numstat.txt
bounded-omo-evidence	777b03fd28104c2dbe7513540da5316e03e160844f7fcc0bcce3db3f6e621d0b	st_01a086c7-20260909T153041964Z/task-01/inventory/index.stage.txt
bounded-omo-evidence	0fd248934f76b72017f3fe969b82a2582b534be03c53be90b2e790b44d103b68	st_01a086c7-20260909T153041964Z/task-01/inventory/start.json
bounded-omo-evidence	c2a43ce1b53fef5b0e40c0f8757ce4965fbc2054b84e1f0578c8b236ac024dad	st_01a086c7-20260909T153041964Z/task-01/inventory/status.porcelain.txt
bounded-omo-evidence	38160a593c1127553dee2de221aaa2b030c55f4e3fd2c9a175e5368cd3939464	st_01a086c7-20260909T153041964Z/task-01/inventory/tracked.txt
bounded-omo-evidence	41f090c7e91778c2414425d2408229c7c3efff82bba16d60510682ea7da9d751	st_01a086c7-20260909T153041964Z/task-01/inventory/untracked.txt
bounded-omo-evidence	61f59e138bd5e152f2f00bcb8a74f72d07ba4be8c8eb565cee39fec8303b80b4	st_01a086c7-20260909T153041964Z/task-01/preservation-manifest.json
bounded-omo-evidence	59f8fc2e789405615d2d1f004b37f9970698e3117e8b05f7c5aa02318ecb864e	st_01a086c7-20260909T153041964Z/task-01/source-before.json
bounded-omo-evidence	273ac0b912e209fc8bb5bf5f8ed028b97bb72a8f359110bb86321e0afa851e9e	st_01a086c7-20260909T153041964Z/task-01/tracked.binary.patch
bounded-omo-evidence	cb017c83984497526e4d0eeb8943c56892509a1a1653b32e3834eb86e98fdb82	st_01a086c7-20260909T153041964Z/task-01/verification.json
bounded-omo-evidence	b6a646ef51e3ce1d33a73fd38a9dc69d29d605cff21c87b653ea9154a753cb25	st_01a08842/task04/red/command.json
bounded-omo-evidence	d8ddf5fd474df391bcdc4dbe0a72a47961f7e863a6ca9866178929a364ecca47	st_01a08842/task04/red/launch.json
bounded-omo-evidence	8656234d24c445949afeff84472fb05e2fe51a06e39afd7f1541161cac77f586	st_01a08842/task04/red/source-after.json
bounded-omo-evidence	a0624fba69cb5815b9c2a96e1a9d31158b09260b5bfaa4b1f0a4e671d64b415a	st_01a08842/task04/red/source-before.json
bounded-omo-evidence	13933dc6191c425896c4d9cd0c117fbe61fb89f36215f06b0875aed484fbc252	st_01a08842/task04/red/status-after.json
bounded-omo-evidence	d9642e9e6744127016512273077f406fdbc381719e1c2b31ee7c1ef9b38c4d08	st_01a08842/task04/red/tests.xml
bounded-omo-evidence	a9b0e6d22a920ed8d05682e31a445c9a1ec75090bbc105ecd5d36bb9220ad3a0	st_01a08842/task04/red/unity.log
bounded-omo-evidence	e13a8e25ef27727b3ac2998ae7e92e74e72e343b1bf84f16a0f22e92fc176476	st_01a08842/task04/red/xml-summary.json
bounded-omo-evidence	d996331798dfbe7d886d6eb5a6d472bf3b6be0280c2b5bcb1a51fa79ee25293f	st_01a088a7/task04/input-owner-01/command.json
bounded-omo-evidence	f6bb0540d1e389ec97fd1b6ff556470307d62347088574278ce165b2da68a038	st_01a088a7/task04/input-owner-01/source-before.json
bounded-omo-evidence	eb149964fb2d00e2d8d79c485c8eefd0604999bce88a8af7bf976b4742516bbd	st_01a088a7/task04/input-owner-01/status-after.json
bounded-omo-evidence	c9455850f776add8430f71de42745a13b7a78b569b5eedddd8494940aff8c4ec	st_01a088a7/task04/input-owner-01/tests.xml
bounded-omo-evidence	3a578161b134d0bf46c3dbadd9c822cb53465c5198748b13075f7156567d9ff1	st_01a088a7/task04/input-owner-01/unity.log
bounded-omo-evidence	4ed427d2b5d3addea9b71433e3bec158684f8bd24c0efbb2b3d9182cfcf1440b	st_01a088a7/task04/input-owner-01/xml-summary.json
